Recommended Package,Dream Outcome,Lead ID,Date Added,Company Name,Business Type,Number of Outlets,Estimated Monthly Revenue (RM),Address,City,State,Postal Code,Website,Primary Contact Name,Job Title,Phone Number,Email Address,WhatsApp,Rating,Review Count,Price Level,Business Status,Google Place ID,Latitude,Longitude,Biggest Pain Point,ICP Tier (1/2/3),Lead Score (0-100),Lead Quality (HOT/WARM/QUALIFIED/COLD),Source,Notes,Follow-up Date,Contact Status (New/Contacted/Qualified/Proposal/Won/Lost),Owner (Sales Rep),Created By,Last Modified,Initial Score Hint,Quality Hint
"Growth System - RM 5,997/mo","Save RM 35-50k/mo, 35-45% reduction",GOOGLE-ChIJBZb2,2025-11-05,Hotel Olympic Malaysia,"Cafe, Lodging, Restaurant",5,240000,"Hotel Olympic Malaysia, Wisma Ocm, Jalan Hang Jebat, City Centre, 50150 Kuala Lumpur, Wilayah Persekutuan Kuala Lumpur, Malaysia",50150 Kuala Lumpur,Kuala Lumpur,50150.0,https://my.findhotel.club/joytrip/?route=hotel&p=hotelolympicmalaysia,,,601111064888.0,,601111064888.0,4.5,5678.0,Unknown,OPERATIONAL,ChIJBZb2gBpJzDERLrLAMY1gUB0,3.1428197,101.7024261,Can't standardize operations across locations,2,,,Google Places API,Rating: 4.5/5 (5678 reviews),,New,,Google Places Scraper,2025-11-05,95,HOT
"Growth System - RM 5,997/mo","Save RM 35-50k/mo, 35-45% reduction",GOOGLE-ChIJIfYL,2025-11-05,Village Park Restaurant,Restaurant,5,300000,"5, Jalan SS 21/37, Damansara Utama, 47400 Petaling Jaya, Selangor, Malaysia",47400 Petaling Jaya,Selangor,47400.0,https://www.facebook.com/Village-Park-Restaurant-1639483826264341/,,,60122738438.0,,60122738438.0,4.3,12454.0,$$ (Moderate),OPERATIONAL,ChIJIfYLMzFJzDERPG9vHZ7DqiE,3.1376947,101.6233261,Can't standardize operations across locations,2,,,Google Places API,Rating: 4.3/5 (12454 reviews),,New,,Google Places Scraper,2025-11-05,95,HOT
"Growth System - RM 5,997/mo","Save RM 35-50k/mo, 35-45% reduction",GOOGLE-ChIJi7WD,2025-11-05,Hameediyah Restaurant,Restaurant,5,300000,"164 A, Lebuh Campbell, George Town, 10100 George Town, Pulau Pinang, Malaysia",10100 George Town,,10100.0,https://www.facebook.com/HAMEEDIYAHRESTAURANTSDNBHD1025046U,,,6042611095.0,,6042611095.0,4.1,7029.0,$$ (Moderate),OPERATIONAL,ChIJi7WDMJfDSjARcGDxELYEhsA,5.41864,100.3325087,Can't standardize operations across locations,2,,,Google Places API,Rating: 4.1/5 (7029 reviews),,New,,Google Places Scraper,2025-11-05,95,HOT
"Growth System - RM 5,997/mo","Save RM 35-50k/mo, 35-45% reduction",GOOGLE-ChIJZWOh,2025-11-05,Murni Discovery SS2,Restaurant,5,300000,"53, Jalan SS2/75, SS 2, 47300 Petaling Jaya, Selangor, Malaysia",47300 Petaling Jaya,Selangor,47300.0,https://www.murnidiscovery.com/,,,60125299601.0,,60125299601.0,4.0,6150.0,$$ (Moderate),OPERATIONAL,ChIJZWOhd1FJzDER6_Zv4ILg6TI,3.1201929,101.622244,Can't standardize operations across locations,2,,,Google Places API,Rating: 4/5 (6150 reviews),,New,,Google Places Scraper,2025-11-05,95,HOT
"Growth System - RM 5,997/mo","Save RM 35-50k/mo, 35-45% reduction",GOOGLE-ChIJX6Cx,2025-11-05,Lemon Garden,Restaurant,2,400000,"Shangri La Hotel, 11, Jln Sultan Ismail, Kuala Lumpur, 50250 Kuala Lumpur, Wilayah Persekutuan Kuala Lumpur, Malaysia",50250 Kuala Lumpur,Kuala Lumpur,50250.0,https://www.shangri-la.com/kualalumpur/shangrila/dining/restaurants/lemon-garden-cafe/,,,60327862378.0,,60327862378.0,4.4,3936.0,$$$ (Expensive),OPERATIONAL,ChIJX6CxcipIzDERNfmpcz2-Lak,3.1541747,101.7061458,Losing money to waste but don't know how much,2,,,Google Places API,Rating: 4.4/5 (3936 reviews),,New,,Google Places Scraper,2025-11-05,95,HOT
"Growth System - RM 5,997/mo","Save RM 35-50k/mo, 35-45% reduction",GOOGLE-ChIJ6dM0,2025-11-05,Lala Chong Kayu Ara Seafood Restaurant,Restaurant,2,200000,"Lot 13556, Jalan Cempaka, Kampung Sungai Kayu Ara, 47400 Petaling Jaya, Selangor, Malaysia",47400 Petaling Jaya,Selangor,13556.0,https://www.facebook.com/lalachongseafoodrestaurant/,,,60377281906.0,,60377281906.0,4.1,2791.0,$$ (Moderate),CLOSED_TEMPORARILY,ChIJ6dM0E7ROzDERB7-DH7rgs4o,3.1241573,101.6078519,Losing money to waste but don't know how much,2,,,Google Places API,Rating: 4.1/5 (2791 reviews),,New,,Google Places Scraper,2025-11-05,95,HOT
"Growth System - RM 5,997/mo","Save RM 35-50k/mo, 35-45% reduction",GOOGLE-ChIJlT3Z,2025-11-05,Suffolk House Restaurant,Restaurant,1,300000,"C864+845, 250, Jalan Air Itam, 10460 George Town, Pulau Pinang, Malaysia",10460 George Town,,10460.0,http://suffolkhouse.com.my/,,,6042283930.0,,6042283930.0,4.5,1599.0,$$$ (Expensive),OPERATIONAL,ChIJlT3ZVrXDSjARFDdgGR46CAk,5.4108509,100.3054987,Losing money to waste but don't know how much,2,,,Google Places API,Rating: 4.5/5 (1599 reviews),,New,,Google Places Scraper,2025-11-05,95,HOT
"Growth System - RM 5,997/mo","Save RM 35-50k/mo, 35-45% reduction",GOOGLE-ChIJCRRm,2025-11-05,Antipodean @ Mid Valley,"Cafe, Restaurant",2,400000,"GE-011(A), Ground Floor, Mid Valley Megamall, Lingkaran Syed Putra, Mid Valley City, 59200 Kuala Lumpur, Wilayah Persekutuan Kuala Lumpur, Malaysia",59200 Kuala Lumpur,Kuala Lumpur,59200.0,http://www.antipodeancoffee.com/,,,60322023411.0,,60322023411.0,4.7,4889.0,$$$ (Expensive),OPERATIONAL,ChIJCRRmv45JzDER2KmXCru4euc,3.1181332,101.6769047,Losing money to waste but don't know how much,2,,,Google Places API,Rating: 4.7/5 (4889 reviews),,New,,Google Places Scraper,2025-11-05,95,HOT
"Growth System - RM 5,997/mo","Save RM 35-50k/mo, 35-45% reduction",GOOGLE-ChIJdwGk,2025-11-05,Contango,Restaurant,1,300000,"5, Jalan Sultan Hishamuddin, Tasik Perdana, 50000 Kuala Lumpur, Wilayah Persekutuan Kuala Lumpur, Malaysia",50000 Kuala Lumpur,Kuala Lumpur,50000.0,,,,60327858000.0,,60327858000.0,4.2,1443.0,$$$ (Expensive),OPERATIONAL,ChIJdwGkrMVJzDERRnnqPQvQkbo,3.1383609,101.6916438,Losing money to waste but don't know how much,2,,,Google Places API,Rating: 4.2/5 (1443 reviews),,New,,Google Places Scraper,2025-11-05,95,HOT
"Growth System - RM 5,997/mo","Save RM 35-50k/mo, 35-45% reduction",GOOGLE-ChIJ-0H2,2025-11-05,The Ganga Cafe • Bangsar,Restaurant,2,200000,"19, Lorong Kurau, Taman Bangsar Pertama, 59100 Kuala Lumpur, Wilayah Persekutuan Kuala Lumpur, Malaysia",59100 Kuala Lumpur,Kuala Lumpur,59100.0,https://www.theganga.com.my/,,,60322842119.0,,60322842119.0,4.4,2397.0,$$ (Moderate),OPERATIONAL,ChIJ-0H2IZtJzDEROu7FdjD33FY,3.1226394,101.6710239,Losing money to waste but don't know how much,2,,,Google Places API,Rating: 4.4/5 (2397 reviews),,New,,Google Places Scraper,2025-11-05,95,HOT
"Growth System - RM 5,997/mo","Save RM 35-50k/mo, 35-45% reduction",GOOGLE-ChIJH5gy,2025-11-05,Red Garden Food Paradise,"Cafe, Restaurant",2,200000,"20, Lebuh Leith, George Town, 10000 George Town, Pulau Pinang, Malaysia",10000 George Town,,10000.0,http://www.redgarden-food.com/,,,60196651318.0,,60196651318.0,4.0,2903.0,$$ (Moderate),OPERATIONAL,ChIJH5gyc5rDSjARLE79ru4oLmo,5.4209989,100.334436,Losing money to waste but don't know how much,2,,,Google Places API,Rating: 4/5 (2903 reviews),,New,,Google Places Scraper,2025-11-05,95,HOT
"Growth System - RM 5,997/mo","Save RM 35-50k/mo, 35-45% reduction",GOOGLE-ChIJMVIf,2025-11-05,Nando's @ Mid Valley Megamall,Restaurant,2,200000,"LG-053, Mid Valley City, 58000 Kuala Lumpur, Federal Territory of Kuala Lumpur, Malaysia",58000 Kuala Lumpur,Kuala Lumpur,58000.0,http://www.nandos.com.my/,,,60389662534.0,,60389662534.0,4.3,2555.0,$$ (Moderate),OPERATIONAL,ChIJMVIfIYxJzDEReMhWooJDMcA,3.1164064,101.676712,Losing money to waste but don't know how much,2,,,Google Places API,Rating: 4.3/5 (2555 reviews),,New,,Google Places Scraper,2025-11-05,95,HOT
"Growth System - RM 5,997/mo","Save RM 35-50k/mo, 35-45% reduction",GOOGLE-ChIJixTd,2025-11-05,Little Heritage House,Restaurant,1,300000,"23, Jalan 17/56, Seksyen 17, 46400 Petaling Jaya, Selangor, Malaysia",46400 Petaling Jaya,Selangor,46400.0,https://littleheritagehouse.com.my/,,,60379321810.0,,60379321810.0,4.5,1124.0,$$$ (Expensive),OPERATIONAL,ChIJixTdFkJJzDERKbrMw3BgJYg,3.126507,101.6379966,Losing money to waste but don't know how much,2,,,Google Places API,Rating: 4.5/5 (1124 reviews),,New,,Google Places Scraper,2025-11-05,95,HOT
"Growth System - RM 5,997/mo","Save RM 35-50k/mo, 35-45% reduction",GOOGLE-ChIJLdfE,2025-11-05,Unique Seafood PJ23 (23 奇怪海鲜酒家),Restaurant,2,400000,"LOT 9B-3, Jalan Kemajuan 12/18, Seksyen 13, 46200 Petaling Jaya, Selangor, Malaysia",46200 Petaling Jaya,Selangor,46200.0,http://unique-seafood.com.my/Restaurants-PJ23,,,60172123619.0,,60172123619.0,4.1,3453.0,$$$ (Expensive),OPERATIONAL,ChIJLdfEumFJzDERUYVijPj8ACw,3.11442,101.64227,Losing money to waste but don't know how much,2,,,Google Places API,Rating: 4.1/5 (3453 reviews),,New,,Google Places Scraper,2025-11-05,95,HOT
"Growth System - RM 5,997/mo","Save RM 35-50k/mo, 35-45% reduction",GOOGLE-ChIJqUkR,2025-11-05,Oriental Pavilion,Restaurant,2,400000,"P1-04, Level 1, Podium, PJ33, 3, Jalan Professor Khoo Kay Kim, Seksyen 13, 46200 Petaling Jaya, Selangor, Malaysia",46200 Petaling Jaya,Selangor,46200.0,https://www.orientalrestaurants.com.my/,,,60379569288.0,,60379569288.0,4.1,2063.0,$$$ (Expensive),OPERATIONAL,ChIJqUkRYeBLzDERJL42fbNm2lQ,3.1105666,101.637539,Losing money to waste but don't know how much,2,,,Google Places API,Rating: 4.1/5 (2063 reviews),,New,,Google Places Scraper,2025-11-05,95,HOT
"Growth System - RM 5,997/mo","Save RM 35-50k/mo, 35-45% reduction",GOOGLE-ChIJIVqW,2025-11-05,Publika Shopping Gallery,Shopping Mall,5,240000,"1, Jln Dutamas 1, Solaris Dutamas, 50480 Kuala Lumpur, Wilayah Persekutuan Kuala Lumpur, Malaysia",50480 Kuala Lumpur,Kuala Lumpur,50480.0,https://publika.com.my/,,,60362117877.0,,60362117877.0,4.2,12230.0,Unknown,OPERATIONAL,ChIJIVqWDl5IzDERNCOhnX8t_NU,3.1714242,101.6642001,Can't standardize operations across locations,2,,,Google Places API,Rating: 4.2/5 (12230 reviews),,New,,Google Places Scraper,2025-11-05,95,HOT
"Growth System - RM 5,997/mo","Save RM 35-50k/mo, 35-45% reduction",GOOGLE-ChIJvfLY,2025-11-05,Restoran Nasi Kandar Line Clear,Restaurant,5,300000,"161 & 177, Jln Penang, George Town, 10000 George Town, Pulau Pinang, Malaysia",10000 George Town,Penang,10000.0,http://www.penang.ws/dining/5-best-nasi-kandar.htm,,,6042614440.0,,6042614440.0,4.0,5513.0,$$ (Moderate),OPERATIONAL,ChIJvfLYTpfDSjARQVAb64H6Jbk,5.419752399999999,100.3324747,Can't standardize operations across locations,2,,,Google Places API,Rating: 4/5 (5513 reviews),,New,,Google Places Scraper,2025-11-05,95,HOT
"Growth System - RM 5,997/mo","Save RM 35-50k/mo, 35-45% reduction",GOOGLE-ChIJsfUx,2025-11-05,Common Man Coffee Roasters - Kuala Lumpur,"Cafe, Restaurant, Store",2,400000,"A-G-1 New Podium, Plaza Vads, 1, Jalan Tun Mohd Fuad, Taman Tun Dr Ismail, 60000 Kuala Lumpur, Federal Territory of Kuala Lumpur, Malaysia",60000 Kuala Lumpur,Kuala Lumpur,60000.0,https://commonmancoffeeroasters.com/?utm_source=google&utm_medium=organic&utm_campaign=gmb_kuala_lumpur,,,60377317095.0,,60377317095.0,4.5,3425.0,$$$ (Expensive),OPERATIONAL,ChIJsfUxqztJzDERNSiW6AxnvL8,3.1395359,101.6299983,Losing money to waste but don't know how much,2,,,Google Places API,Rating: 4.5/5 (3425 reviews),,New,,Google Places Scraper,2025-11-05,95,HOT
"Growth System - RM 5,997/mo","Save RM 35-50k/mo, 35-45% reduction",GOOGLE-ChIJV6FX,2025-11-05,Super Saigon TTDI KL - Pho Beef Cafe,"Cafe, Meal Delivery, Restaurant",2,200000,"28, Jalan Datuk Sulaiman, Taman Tun Dr Ismail, 60000 Kuala Lumpur, Wilayah Persekutuan Kuala Lumpur, Malaysia",60000 Kuala Lumpur,Kuala Lumpur,60000.0,https://supersaigon.com.my/wp-content/uploads/2025/04/Super-Saigon-Menu-2025-1.pdf,,,60374981875.0,,60374981875.0,4.4,2225.0,$$ (Moderate),OPERATIONAL,ChIJV6FX2TpJzDERAxHY6CoW6D0,3.1414612,101.6295878,Losing money to waste but don't know how much,2,,,Google Places API,Rating: 4.4/5 (2225 reviews),,New,,Google Places Scraper,2025-11-05,95,HOT
"Growth System - RM 5,997/mo","Save RM 35-50k/mo, 35-45% reduction",GOOGLE-ChIJHQ_z,2025-11-05,Sarkies,Restaurant,1,300000,"Lobby Level, Victory Annexe, 10, Lebuh Farquhar, George Town, 10450 George Town, Pulau Pinang, Malaysia",10450 George Town,,10450.0,http://www.eohotels.com/,,,6042222151.0,,6042222151.0,4.3,1346.0,$$$ (Expensive),OPERATIONAL,ChIJHQ_zAZrDSjARkCcIVJJIsCk,5.423371700000001,100.334826,Losing money to waste but don't know how much,2,,,Google Places API,Rating: 4.3/5 (1346 reviews),,New,,Google Places Scraper,2025-11-05,95,HOT
"Growth System - RM 5,997/mo","Save RM 35-50k/mo, 35-45% reduction",GOOGLE-ChIJO6Gx,2025-11-05,Café Deli by El Mesón @ Desa ParkCity,"Restaurant, Cafe",1,300000,"Lot GF-05, The Waterfront @, 5, Persiaran Residen, Desa Parkcity, 52200 Kuala Lumpur, Federal Territory of Kuala Lumpur, Malaysia",52200 Kuala Lumpur,Kuala Lumpur,52200.0,https://cafedeli.com.my/,,,60362636227.0,,60362636227.0,4.5,1749.0,$$$ (Expensive),OPERATIONAL,ChIJO6GxBaZIzDER64OvqQAoy70,3.1868005,101.6280241,Losing money to waste but don't know how much,2,,,Google Places API,Rating: 4.5/5 (1749 reviews),,New,,Google Places Scraper,2025-11-05,95,HOT
"Growth System - RM 5,997/mo","Save RM 35-50k/mo, 35-45% reduction",GOOGLE-ChIJ_xoB,2025-11-05,Woodlands Vegetarian Restaurant,Restaurant,2,200000,"60, Lebuh Penang, George Town, 10200 George Town, Pulau Pinang, Malaysia",10200 George Town,Penang,10200.0,,,,6042639764.0,,6042639764.0,4.1,2111.0,$$ (Moderate),OPERATIONAL,ChIJ_xoBso_DSjARagJOKgWVb4k,5.4180007,100.3405533,Losing money to waste but don't know how much,2,,,Google Places API,Rating: 4.1/5 (2111 reviews),,New,,Google Places Scraper,2025-11-05,95,HOT
"Growth System - RM 5,997/mo","Save RM 35-50k/mo, 35-45% reduction",GOOGLE-ChIJ8yeI,2025-11-05,Serai @Paradigm Mall,Restaurant,2,400000,"Lot GB-15 & 15A, Ground Floor Boulevard, Paradigm Mall, 1, Jalan SS 7/26a, Ss 7, 47301 Petaling Jaya, Selangor, Malaysia",47301 Petaling Jaya,Selangor,47301.0,http://www.seraigroup.com.my/,,,60378873707.0,,60378873707.0,4.8,4607.0,$$$ (Expensive),OPERATIONAL,ChIJ8yeIUxhMzDER42GcLUjt4-w,3.1050837,101.5960481,Losing money to waste but don't know how much,2,,,Google Places API,Rating: 4.8/5 (4607 reviews),,New,,Google Places Scraper,2025-11-05,95,HOT
"Growth System - RM 5,997/mo","Save RM 35-50k/mo, 35-45% reduction",GOOGLE-ChIJCSPM,2025-11-05,Maple Palace Chinese Restaurant,Restaurant,1,300000,"47, Jalan Sultan Ahmad Shah, 10050 George Town, Pulau Pinang, Malaysia",10050 George Town,,10050.0,http://www.maplepalace.com/,,,6042279690.0,,6042279690.0,4.3,1403.0,$$$ (Expensive),OPERATIONAL,ChIJCSPMLqLDSjAREUL3_Tz9kjc,5.4260107,100.3232568,Losing money to waste but don't know how much,2,,,Google Places API,Rating: 4.3/5 (1403 reviews),,New,,Google Places Scraper,2025-11-05,95,HOT
"Growth System - RM 5,997/mo","Save RM 35-50k/mo, 35-45% reduction",GOOGLE-ChIJ07b4,2025-11-05,ChinaHouse,"Cafe, Bar, Restaurant",5,600000,"153, Beach St, Georgetown, 10300 George Town, Penang, Malaysia",10300 George Town,Penang,10300.0,https://www.chinahouse.com.my/index-new.html,,,60147369645.0,,60147369645.0,4.0,6417.0,$$$ (Expensive),OPERATIONAL,ChIJ07b4-I3DSjARBD9a0GUmXwo,5.414827799999999,100.3388174,Can't standardize operations across locations,2,,,Google Places API,Rating: 4/5 (6417 reviews),,New,,Google Places Scraper,2025-11-05,95,HOT
"Growth System - RM 5,997/mo","Save RM 35-50k/mo, 35-45% reduction",GOOGLE-ChIJf537,2025-11-05,Ombak Kitchen Bukit Jelutong,Restaurant,2,400000,"5.G.01, D'Vida Business Centre, Jalan Bazar U8/101, Bukit Jelutong, 40150 Shah Alam, Selangor, Malaysia",40150 Shah Alam,Selangor,40150.0,http://www.ombakkitchen.my/,,,60102205946.0,,60102205946.0,4.7,2674.0,$$$ (Expensive),OPERATIONAL,ChIJf537i-1NzDERst6eqgY08Z0,3.0976188,101.5364946,Losing money to waste but don't know how much,2,,,Google Places API,Rating: 4.7/5 (2674 reviews),,New,,Google Places Scraper,2025-11-05,95,HOT
"Growth System - RM 5,997/mo","Save RM 35-50k/mo, 35-45% reduction",GOOGLE-ChIJVVVV,2025-11-05,Al-Rawsha Restaurant Seksyen 7,Restaurant,2,200000,"2, Jalan Platinum G 7/G, Seksyen 7, 40000 Shah Alam, Selangor, Malaysia",40000 Shah Alam,Selangor,40000.0,https://www.facebook.com/Alrawsha-Restauran-Shah-Alam-509400446555388/,,,60355240040.0,,60355240040.0,4.3,3223.0,$$ (Moderate),OPERATIONAL,ChIJVVVVBeNSzDERjtzSwBZyATY,3.08092,101.492609,Losing money to waste but don't know how much,2,,,Google Places API,Rating: 4.3/5 (3223 reviews),,New,,Google Places Scraper,2025-11-05,95,HOT
"Growth System - RM 5,997/mo","Save RM 35-50k/mo, 35-45% reduction",GOOGLE-ChIJSdLk,2025-11-05,Mozer's @ Bukit Jelutong,Restaurant,2,200000,"03-0G-01DVIDA BUSINESS CENTRE, Jalan Bazar U8/101, Bukit Jelutong, 40150 Shah Alam, Selangor, Malaysia",40150 Shah Alam,Selangor,40150.0,https://mozersbukitjelutong.shop/,,,60377341783.0,,60377341783.0,4.3,2174.0,$$ (Moderate),OPERATIONAL,ChIJSdLkCvdNzDERz47FnEDosas,3.098333199999999,101.5363245,Losing money to waste but don't know how much,2,,,Google Places API,Rating: 4.3/5 (2174 reviews),,New,,Google Places Scraper,2025-11-05,95,HOT
"Growth System - RM 5,997/mo","Save RM 35-50k/mo, 35-45% reduction",GOOGLE-ChIJZYai,2025-11-05,Polperro Steak House Seksyen 7 Shah Alam,"Cafe, Restaurant",2,200000,"No 2, Jalan Kristal J7/7, Seksyen 7, 40000 Shah Alam, Selangor, Malaysia",40000 Shah Alam,Selangor,40000.0,http://polperrogroup.com/,,,601159969276.0,,601159969276.0,4.0,4287.0,$$ (Moderate),OPERATIONAL,ChIJZYaivFdSzDERm5mOqWBtgvE,3.0749314,101.4865725,Losing money to waste but don't know how much,2,,,Google Places API,Rating: 4/5 (4287 reviews),,New,,Google Places Scraper,2025-11-05,95,HOT
"Growth System - RM 5,997/mo","Save RM 35-50k/mo, 35-45% reduction",GOOGLE-ChIJj8-p,2025-11-05,IDCC Ideal Convention Centre Shah Alam,"Lodging, Restaurant",5,240000,"Level 7, Jalan Pahat L 15/L, Seksyen 15, 40200 Shah Alam, Selangor, Malaysia",40200 Shah Alam,Selangor,40200.0,https://www.idcc.my/,,,60123419897.0,,60123419897.0,4.2,5976.0,Unknown,OPERATIONAL,ChIJj8-p5nxNzDER5w8x7f9TSKg,3.0660738,101.5262655,Can't standardize operations across locations,2,,,Google Places API,Rating: 4.2/5 (5976 reviews),,New,,Google Places Scraper,2025-11-05,95,HOT
"Growth System - RM 5,997/mo","Save RM 35-50k/mo, 35-45% reduction",GOOGLE-ChIJp9MO,2025-11-05,Restoran Temerloh Catering,Restaurant,2,200000,"2, Jalan Pahat J 15/J, Seksyen 15, 40000 Shah Alam, Selangor, Malaysia",40000 Shah Alam,Selangor,40000.0,https://www.facebook.com/restorantemerlohcatering,,,60102609590.0,,60102609590.0,4.0,2541.0,$$ (Moderate),OPERATIONAL,ChIJp9MOqoJSzDER4JStHSx-fdQ,3.065026899999999,101.524682,Losing money to waste but don't know how much,2,,,Google Places API,Rating: 4/5 (2541 reviews),,New,,Google Places Scraper,2025-11-05,95,HOT
"Growth System - RM 5,997/mo","Save RM 35-50k/mo, 35-45% reduction",GOOGLE-ChIJixKy,2025-11-05,Me'nate Steak Hub (Shah Alam),Restaurant,5,600000,"Lot F-36, Vista Alam Jalan Ikthisas 14/1, off, Persiaran Damai, Seksyen 14, 40000 Shah Alam, Selangor, Malaysia",40000 Shah Alam,Selangor,40000.0,https://menate.com.my/,,,60355233493.0,,60355233493.0,4.4,5615.0,$$$ (Expensive),OPERATIONAL,ChIJixKyGX5NzDERJeV73R4VSkA,3.0707871,101.5253054,Can't standardize operations across locations,2,,,Google Places API,Rating: 4.4/5 (5615 reviews),,New,,Google Places Scraper,2025-11-05,95,HOT
"Growth System - RM 5,997/mo","Save RM 35-50k/mo, 35-45% reduction",GOOGLE-ChIJ21xn,2025-11-05,FOWLBOYS SS15,"Meal Takeaway, Restaurant",5,240000,"38, Jalan SS 15/4b, Ss 15, 47500 Subang Jaya, Selangor, Malaysia",47500 Subang Jaya,Selangor,47500.0,http://fowlboys.com/,,,60166077601.0,,60166077601.0,4.8,8247.0,Unknown,OPERATIONAL,ChIJ21xnie5NzDERhWm6K9tfcBU,3.0759617,101.5876956,Can't standardize operations across locations,2,,,Google Places API,Rating: 4.8/5 (8247 reviews),,New,,Google Places Scraper,2025-11-05,95,HOT
"Growth System - RM 5,997/mo","Save RM 35-50k/mo, 35-45% reduction",GOOGLE-ChIJvYQH,2025-11-05,Tanah Aina Cafe,"Cafe, Restaurant",1,300000,"Wisma Tanah Aina, Jalan Mesra 1, Hicom-glenmarie Industrial Park, 40150 Shah Alam, Selangor, Malaysia",40150 Shah Alam,Selangor,40150.0,https://www.facebook.com/tanahainacafe/,,,60355243258.0,,60355243258.0,4.2,1112.0,$$$ (Expensive),OPERATIONAL,ChIJvYQHKqZNzDERo-ZGk5u8fQc,3.0770527,101.5589097,Losing money to waste but don't know how much,2,,,Google Places API,Rating: 4.2/5 (1112 reviews),,New,,Google Places Scraper,2025-11-05,95,HOT
"Growth System - RM 5,997/mo","Save RM 35-50k/mo, 35-45% reduction",GOOGLE-ChIJ2czZ,2025-11-05,Walnut Cafe & Bar,"Cafe, Bar, Store",1,300000,"G-10, Ground Floor, Tower 4 & 5 PFCC, Jalan Puteri 1/2, Bandar Puteri, 47100 Puchong, Selangor, Malaysia",47100 Puchong,Selangor,47100.0,http://walnutcafe.com.my/,,,60380526607.0,,60380526607.0,4.1,1862.0,$$$ (Expensive),OPERATIONAL,ChIJ2czZK6i0zTER03afUBFBuLc,3.0271479,101.6157614,Losing money to waste but don't know how much,2,,,Google Places API,Rating: 4.1/5 (1862 reviews),,New,,Google Places Scraper,2025-11-05,95,HOT
"Growth System - RM 5,997/mo","Save RM 35-50k/mo, 35-45% reduction",GOOGLE-ChIJJdN1,2025-11-05,Seoul Garden | AEON Mall Shah Alam,Restaurant,5,300000,"Lot S11, 2nd Floor, 1, Jln Akuatik 13/64, Seksyen 13, 40100 Shah Alam, Selangor, Malaysia",40100 Shah Alam,Selangor,40100.0,http://www.seoulgarden.com.my/,,,60355247386.0,,60355247386.0,4.7,7599.0,$$ (Moderate),OPERATIONAL,ChIJJdN11J9NzDERMcOJmUPlCQQ,3.076161099999999,101.5486938,Can't standardize operations across locations,2,,,Google Places API,Rating: 4.7/5 (7599 reviews),,New,,Google Places Scraper,2025-11-05,95,HOT
"Growth System - RM 5,997/mo","Save RM 35-50k/mo, 35-45% reduction",GOOGLE-ChIJwf_o,2025-11-05,Uncle Don's (USJ Taipan),Restaurant,2,200000,"55a, Jalan USJ 10/1f, Taipan Business Centre, 47620 Subang Jaya, Selangor, Malaysia",47620 Subang Jaya,Selangor,47620.0,http://www.uncledons.com.my/,,,60169001074.0,,60169001074.0,4.0,3667.0,$$ (Moderate),OPERATIONAL,ChIJwf_o58RMzDERCd1nnLsCfZA,3.0473392,101.5832362,Losing money to waste but don't know how much,2,,,Google Places API,Rating: 4/5 (3667 reviews),,New,,Google Places Scraper,2025-11-05,95,HOT
"Growth System - RM 5,997/mo","Save RM 35-50k/mo, 35-45% reduction",GOOGLE-ChIJVc9V,2025-11-05,Pak Li Kopitiam Shah Alam 7,"Cafe, Restaurant",5,300000,"42, Jalan Kristal K7/K, Seksyen 7, 40000 Shah Alam, Selangor, Malaysia",40000 Shah Alam,Selangor,40000.0,http://www.paklikopitiam.com.my/,,,60355113608.0,,60355113608.0,4.4,5637.0,$$ (Moderate),OPERATIONAL,ChIJVc9VrfhSzDERsZdTyS-JbPs,3.074745000000001,101.4849798,Can't standardize operations across locations,2,,,Google Places API,Rating: 4.4/5 (5637 reviews),,New,,Google Places Scraper,2025-11-05,95,HOT
"Growth System - RM 5,997/mo","Save RM 35-50k/mo, 35-45% reduction",GOOGLE-ChIJb3kv,2025-11-05,La Cocina Sky View,Restaurant,1,300000,"MEZZANINE FLOOR, 8D, Jalan USJ 10/1j, Taipan Business Centre, 47620 Subang Jaya, Selangor, Malaysia",47620 Subang Jaya,Selangor,47620.0,https://lacocina.com.my/,,,60356212395.0,,60356212395.0,4.3,1551.0,$$$ (Expensive),OPERATIONAL,ChIJb3kvY8NMzDERf3DFmRiPuDA,3.048012700000001,101.5859503,Losing money to waste but don't know how much,2,,,Google Places API,Rating: 4.3/5 (1551 reviews),,New,,Google Places Scraper,2025-11-05,95,HOT
"Growth System - RM 5,997/mo","Save RM 35-50k/mo, 35-45% reduction",GOOGLE-ChIJ0_ce,2025-11-05,JEN Penang Georgetown by Shangri-La,"Lodging, Restaurant",5,240000,"Magazine Rd, George Town, 10300 George Town, Pulau Pinang, Malaysia",10300 George Town,,10300.0,https://www.shangri-la.com/en/hotels/jen/penang/georgetown/,,,6042622622.0,,6042622622.0,4.3,6875.0,Unknown,OPERATIONAL,ChIJ0_ceR5rDSjARB97A8VgIhfQ,5.4135331,100.3303217,Can't standardize operations across locations,2,,,Google Places API,Rating: 4.3/5 (6875 reviews),,New,,Google Places Scraper,2025-11-05,95,HOT
"Growth System - RM 5,997/mo","Save RM 35-50k/mo, 35-45% reduction",GOOGLE-ChIJe-d3,2025-11-05,d'Tandoor Restaurant Damansara Utama,"Meal Takeaway, Restaurant",1,300000,"52, Jalan SS 21/62, Damansara Utama, 47400 Petaling Jaya, Selangor, Malaysia",47400 Petaling Jaya,Selangor,47400.0,https://dtandoor.com/,,,60377282020.0,,60377282020.0,4.5,1045.0,$$$ (Expensive),OPERATIONAL,ChIJe-d3BjZJzDERW_cxUo7XsXM,3.1325505,101.6221823,Losing money to waste but don't know how much,2,,,Google Places API,Rating: 4.5/5 (1045 reviews),,New,,Google Places Scraper,2025-11-05,95,HOT
"Growth System - RM 5,997/mo","Save RM 35-50k/mo, 35-45% reduction",GOOGLE-ChIJJZ1P,2025-11-05,"Cheong Fatt Tze, The Blue Mansion","Travel Agency, Lodging, Restaurant",5,240000,"14, Lebuh Leith, George Town, 10200 George Town, Pulau Pinang, Malaysia",10200 George Town,,10200.0,http://www.cheongfatttzemansion.com/,,,6042620006.0,,6042620006.0,4.4,5394.0,Unknown,OPERATIONAL,ChIJJZ1Pb5rDSjAR0FgEYqphTw0,5.4214508,100.3348934,Can't standardize operations across locations,2,,,Google Places API,Rating: 4.4/5 (5394 reviews),,New,,Google Places Scraper,2025-11-05,95,HOT
"Growth System - RM 5,997/mo","Save RM 35-50k/mo, 35-45% reduction",GOOGLE-ChIJMes2,2025-11-05,Strangers at 47,"Cafe, Store, Restaurant",2,200000,"45, 47 49, Jalan 17/45, Seksyen 17, 46400 Petaling Jaya, Selangor, Malaysia",46400 Petaling Jaya,Selangor,46400.0,https://strangersat47.my/,,,60127454749.0,,60127454749.0,4.5,2913.0,$$ (Moderate),OPERATIONAL,ChIJMes2_lpJzDERwaN-YKyU_gs,3.1202499,101.6299577,Losing money to waste but don't know how much,2,,,Google Places API,Rating: 4.5/5 (2913 reviews),,New,,Google Places Scraper,2025-11-05,95,HOT
"Growth System - RM 5,997/mo","Save RM 35-50k/mo, 35-45% reduction",GOOGLE-ChIJWbnY,2025-11-05,Mohd Chan Restaurant @ Kelana Jaya,Restaurant,2,200000,"B-G-06 & 07, Jalan SS 6/20, Dataran Glomac,, Pusat Bandar Kelana Jaya,, 47301 Petaling Jaya, Selangor, Malaysia",47301 Petaling Jaya,Selangor,47301.0,http://www.mohdchan.com.my/,,,60378809099.0,,60378809099.0,4.6,4110.0,$$ (Moderate),OPERATIONAL,ChIJWbnYvhBMzDERiBBj6cm0xew,3.102279,101.599843,Losing money to waste but don't know how much,2,,,Google Places API,Rating: 4.6/5 (4110 reviews),,New,,Google Places Scraper,2025-11-05,95,HOT
"Growth System - RM 5,997/mo","Save RM 35-50k/mo, 35-45% reduction",GOOGLE-ChIJ_VlP,2025-11-05,The Social @ Desa ParkCity,"Restaurant, Liquor Store, Cafe",1,300000,"GF-02, The Waterfront@ParkCity, No.5, Persiaran Residen, Desa Parkcity, 52200 Kuala Lumpur, Federal Territory of Kuala Lumpur, Malaysia",52200 Kuala Lumpur,Kuala Lumpur,52200.0,https://thesocial.com.my/,,,60362799225.0,,60362799225.0,4.3,1388.0,$$$ (Expensive),OPERATIONAL,ChIJ_VlPDaZIzDERn8cmvkJfeIg,3.1869825,101.6281771,Losing money to waste but don't know how much,2,,,Google Places API,Rating: 4.3/5 (1388 reviews),,New,,Google Places Scraper,2025-11-05,95,HOT
"Growth System - RM 5,997/mo","Save RM 35-50k/mo, 35-45% reduction",GOOGLE-ChIJeacz,2025-11-05,Yellow Brick Road,"Cafe, Restaurant",2,200000,"Lot A-GF-03, 5th Place @ The Five No.49, Kompleks Pejabat Damansara, Kompleks Pejabat Damansara, Jalan Dungun, Bukit Damansara, 50490 Kuala Lumpur, Wilayah Persekutuan Kuala Lumpur, Malaysia",50490 Kuala Lumpur,Kuala Lumpur,50490.0,,,,60192700304.0,,60192700304.0,4.3,3653.0,$$ (Moderate),OPERATIONAL,ChIJeaczdQBJzDER2RFveeZePuY,3.151729,101.6655372,Losing money to waste but don't know how much,2,,,Google Places API,Rating: 4.3/5 (3653 reviews),,New,,Google Places Scraper,2025-11-05,95,HOT
"Growth System - RM 5,997/mo","Save RM 35-50k/mo, 35-45% reduction",GOOGLE-ChIJx9hV,2025-11-05,DÔME (The Gardens Mall),Cafe,2,200000,"Level 1, F-237B&238, Lingkaran Syed Putra, Mid Valley City, 59200 Kuala Lumpur, Wilayah Persekutuan Kuala Lumpur, Malaysia",59200 Kuala Lumpur,Kuala Lumpur,59200.0,http://www.domecafe.com.my/,,,60122241285.0,,60122241285.0,4.5,2046.0,$$ (Moderate),OPERATIONAL,ChIJx9hV5o5JzDER00-xwfjNWXQ,3.1187202,101.6760171,Losing money to waste but don't know how much,2,,,Google Places API,Rating: 4.5/5 (2046 reviews),,New,,Google Places Scraper,2025-11-05,95,HOT
"Growth System - RM 5,997/mo","Save RM 35-50k/mo, 35-45% reduction",GOOGLE-ChIJpfdV,2025-11-05,El Cerdo,Restaurant,1,300000,"43 & 45, Changkat Bukit Bintang, City Centre, 50200 Kuala Lumpur, Wilayah Persekutuan Kuala Lumpur, Malaysia",50200 Kuala Lumpur,Kuala Lumpur,50200.0,http://elcerdokl.com/,,,60133094197.0,,60133094197.0,4.4,1450.0,$$$ (Expensive),OPERATIONAL,ChIJpfdVdSo2zDERBhcmuU16uFI,3.1472361,101.7078781,Losing money to waste but don't know how much,2,,,Google Places API,Rating: 4.4/5 (1450 reviews),,New,,Google Places Scraper,2025-11-05,95,HOT
"Growth System - RM 5,997/mo","Save RM 35-50k/mo, 35-45% reduction",GOOGLE-ChIJXyrd,2025-11-05,The Rabbit Hole,"Cafe, Bar",2,200000,"16, Changkat Bukit Bintang, Bukit Bintang, 50200 Kuala Lumpur, Wilayah Persekutuan Kuala Lumpur, Malaysia",50200 Kuala Lumpur,Kuala Lumpur,50200.0,http://www.rabbithole.com.my/,,,601162351099.0,,601162351099.0,4.5,2716.0,$$ (Moderate),OPERATIONAL,ChIJXyrddio2zDERP8WPwaXwvZ8,3.1479982,101.7071577,Losing money to waste but don't know how much,2,,,Google Places API,Rating: 4.5/5 (2716 reviews),,New,,Google Places Scraper,2025-11-05,95,HOT
"Growth System - RM 5,997/mo","Save RM 35-50k/mo, 35-45% reduction",GOOGLE-ChIJLwMj,2025-11-05,Breakfast Thieves APW Bangsar,Cafe,2,400000,"Lot M, 29-5, Jalan Riong, Bangsar, 59100 Kuala Lumpur, Wilayah Persekutuan Kuala Lumpur, Malaysia",59100 Kuala Lumpur,Kuala Lumpur,59100.0,http://www.breakfastthieves.com/,,,60322018829.0,,60322018829.0,4.3,2305.0,$$$ (Expensive),OPERATIONAL,ChIJLwMjXpBJzDERef0OfNr0Efw,3.124318299999999,101.6741622,Losing money to waste but don't know how much,2,,,Google Places API,Rating: 4.3/5 (2305 reviews),,New,,Google Places Scraper,2025-11-05,95,HOT
"Growth System - RM 5,997/mo","Save RM 35-50k/mo, 35-45% reduction",GOOGLE-ChIJPYha,2025-11-05,VCR,"Cafe, Restaurant, Store",2,200000,"2, Jalan Galloway, Bukit Bintang, 50150 Kuala Lumpur, Wilayah Persekutuan Kuala Lumpur, Malaysia",50150 Kuala Lumpur,Kuala Lumpur,50150.0,http://linktree.com/hellovcr,,,60321102330.0,,60321102330.0,4.4,4649.0,$$ (Moderate),OPERATIONAL,ChIJPYhalddJzDERgRWIgOgOTvA,3.1432498,101.7054472,Losing money to waste but don't know how much,2,,,Google Places API,Rating: 4.4/5 (4649 reviews),,New,,Google Places Scraper,2025-11-05,95,HOT
"Growth System - RM 5,997/mo","Save RM 35-50k/mo, 35-45% reduction",GOOGLE-ChIJB8FE,2025-11-05,leaf & co. cafe,Cafe,2,200000,"53, Jalan Sultan, City Centre, 50000 Kuala Lumpur, Wilayah Persekutuan Kuala Lumpur, Malaysia",50000 Kuala Lumpur,Kuala Lumpur,50000.0,https://www.facebook.com/leafandcocafe/,,,60320202220.0,,60320202220.0,4.3,2275.0,$$ (Moderate),OPERATIONAL,ChIJB8FE89BJzDER8ZAIRNj0LYc,3.1429024,101.698858,Losing money to waste but don't know how much,2,,,Google Places API,Rating: 4.3/5 (2275 reviews),,New,,Google Places Scraper,2025-11-05,95,HOT
"Growth System - RM 5,997/mo","Save RM 35-50k/mo, 35-45% reduction",GOOGLE-ChIJVc_n,2025-11-05,Merchant's Lane | Petaling Street Café,"Cafe, Bakery, Store",2,200000,"150, Jalan Petaling, City Centre, 50000 Kuala Lumpur, Wilayah Persekutuan Kuala Lumpur, Malaysia",50000 Kuala Lumpur,Kuala Lumpur,50000.0,https://wa.me/60320221736,,,60320221736.0,,60320221736.0,4.2,3382.0,$$ (Moderate),OPERATIONAL,ChIJVc_niNpJzDER__xE9gsy9BI,3.1410206,101.6980798,Losing money to waste but don't know how much,2,,,Google Places API,Rating: 4.2/5 (3382 reviews),,New,,Google Places Scraper,2025-11-05,95,HOT
"Growth System - RM 5,997/mo","Save RM 35-50k/mo, 35-45% reduction",GOOGLE-ChIJpcUy,2025-11-05,d'Tandoor Restaurant Penang,"Meal Takeaway, Restaurant",1,300000,"10-C-22, Precinct 10, Jln Tanjong Tokong, Seri Tanjung Pinang, 10470 Tanjung Tokong, Pulau Pinang, Malaysia",10470 Tanjung Tokong,,10470.0,https://dtandoor.com/,,,60194302020.0,,60194302020.0,4.4,1140.0,$$$ (Expensive),OPERATIONAL,ChIJpcUyLR7DSjARffBd8hfZxQg,5.4488755,100.3059199,Losing money to waste but don't know how much,2,,,Google Places API,Rating: 4.4/5 (1140 reviews),,New,,Google Places Scraper,2025-11-05,95,HOT
"Growth System - RM 5,997/mo","Save RM 35-50k/mo, 35-45% reduction",GOOGLE-ChIJ04v0,2025-11-05,DÔME (Suria KLCC),Cafe,5,300000,"G-45, Ground Floor, Menara Berkembar Petronas, Kuala Lumpur City Centre, 50088 Kuala Lumpur, Wilayah Persekutuan Kuala Lumpur, Malaysia",50088 Kuala Lumpur,Kuala Lumpur,50088.0,http://www.melium.com/,,,60122241735.0,,60122241735.0,4.5,5347.0,$$ (Moderate),OPERATIONAL,ChIJ04v0ftk3zDERdWU3viXdTzg,3.15653,101.7123279,Can't standardize operations across locations,2,,,Google Places API,Rating: 4.5/5 (5347 reviews),,New,,Google Places Scraper,2025-11-05,95,HOT
"Growth System - RM 5,997/mo","Save RM 35-50k/mo, 35-45% reduction",GOOGLE-ChIJq6pq,2025-11-05,Mitasu Bukit Bintang,Restaurant,2,200000,"Wisma Chuang, B1, Jln Sultan Ismail, Bukit Bintang, 50250 Kuala Lumpur, Wilayah Persekutuan Kuala Lumpur, Malaysia",50250 Kuala Lumpur,Kuala Lumpur,50250.0,https://mitasujapaneserestaurant.beepit.com/ordering/?h=U2FsdGVkX1%2BirqFLm0AdVH2XzVngJNPIokNYsA7xiYSW7SPqQ6v1OjS%2B9jM%2BJps6&type=delivery&source=https%3A%2F%2Fbeepit.com%2Fsearchhttps://mitasujapaneserestaurant.beepit.com/ordering/?h=U2FsdGVkX1%2BirqFLm0AdVH2XzVngJNPIokNYsA7xiYSW7SPqQ6v1OjS%2B9jM%2BJps6&type=delivery&source=https%3A%2F%2Fbeepit.com%2Fsearch,,,60321102833.0,,60321102833.0,4.2,3534.0,$$ (Moderate),OPERATIONAL,ChIJq6pqdys2zDERXeAY6fyhq6k,3.1491219,101.7112751,Losing money to waste but don't know how much,2,,,Google Places API,Rating: 4.2/5 (3534 reviews),,New,,Google Places Scraper,2025-11-05,95,HOT
"Growth System - RM 5,997/mo","Save RM 35-50k/mo, 35-45% reduction",GOOGLE-ChIJK5LS,2025-11-05,Sedap Corner,Restaurant,2,200000,"No 11, Jalan Abdul Samad, Kampung Bahru, 80100 Johor Bahru, Johor Darul Ta'zim, Malaysia",80100 Johor Bahru,Johor,80100.0,http://www.sedapcorner.com.my/,,,601111377652.0,,601111377652.0,4.0,2893.0,$$ (Moderate),OPERATIONAL,ChIJK5LSm7ES2jER6ePeGWyM8iU,1.4633219,103.7447858,Losing money to waste but don't know how much,2,,,Google Places API,Rating: 4/5 (2893 reviews),,New,,Google Places Scraper,2025-11-05,95,HOT
"Growth System - RM 5,997/mo","Save RM 35-50k/mo, 35-45% reduction",GOOGLE-ChIJsUKK,2025-11-05,Huckleberry • Damansara Heights,"Cafe, Bakery, Store",2,200000,"Plaza Damansara, 2G & 4G, Jalan Medan Setia 2, Bukit Damansara, 50490 Kuala Lumpur, Federal Territory of Kuala Lumpur, Malaysia",50490 Kuala Lumpur,Kuala Lumpur,50490.0,https://huckleberry.my/,,,60172311898.0,,60172311898.0,4.0,2317.0,$$ (Moderate),OPERATIONAL,ChIJsUKKCANJzDERPcPczuwnJp0,3.1489187,101.6527131,Losing money to waste but don't know how much,2,,,Google Places API,Rating: 4/5 (2317 reviews),,New,,Google Places Scraper,2025-11-05,95,HOT
"Growth System - RM 5,997/mo","Save RM 35-50k/mo, 35-45% reduction",GOOGLE-ChIJtYUq,2025-11-05,SkyBar,"Bar, Restaurant",2,400000,"Traders Hotel Kuala Lumpur, Kuala Lumpur City Centre, 50088 Kuala Lumpur, Wilayah Persekutuan Kuala Lumpur, Malaysia",50088 Kuala Lumpur,Kuala Lumpur,50088.0,http://www.shangri-la.com/kualalumpur/traders/dining/bars-lounges/sky-bar/,,,60323329888.0,,60323329888.0,4.2,2948.0,$$$ (Expensive),OPERATIONAL,ChIJtYUqqdM3zDERoeZmz29cmf0,3.1539243,101.7148872,Losing money to waste but don't know how much,2,,,Google Places API,Rating: 4.2/5 (2948 reviews),,New,,Google Places Scraper,2025-11-05,95,HOT
"Growth System - RM 5,997/mo","Save RM 35-50k/mo, 35-45% reduction",GOOGLE-ChIJaXsp,2025-11-05,Big Food F&B (JM0686388-U),Restaurant,2,200000,"1, Jln Kolam Air 1 Taman Nong Chik Height, Taman Nong Chik, 80100 Johor Bahru, Johor, Malaysia",80100 Johor Bahru,Johor,80100.0,http://www.instagram.com/bigfoodfnb,,,60177313386.0,,60177313386.0,4.2,2232.0,$$ (Moderate),OPERATIONAL,ChIJaXsp8q4S2jERfp7P4rqGZzU,1.4711487,103.7369476,Losing money to waste but don't know how much,2,,,Google Places API,Rating: 4.2/5 (2232 reviews),,New,,Google Places Scraper,2025-11-05,95,HOT
"Growth System - RM 5,997/mo","Save RM 35-50k/mo, 35-45% reduction",GOOGLE-ChIJFZ1-,2025-11-05,Kayuapi by Naughty Bali,"Bar, Restaurant",1,300000,"195, Jalan Dato Sulaiman, Taman Abad, 80250 Johor Bahru, Johor Darul Ta'zim, Malaysia",80250 Johor Bahru,Johor,80250.0,https://m.facebook.com/nnjohorbahru/,,,60167174628.0,,60167174628.0,4.3,1752.0,$$$ (Expensive),OPERATIONAL,ChIJFZ1-_S5t2jERtvOuB-xoCQ0,1.4873565,103.7637891,Losing money to waste but don't know how much,2,,,Google Places API,Rating: 4.3/5 (1752 reviews),,New,,Google Places Scraper,2025-11-05,95,HOT
"Growth System - RM 5,997/mo","Save RM 35-50k/mo, 35-45% reduction",GOOGLE-ChIJ9a-m,2025-11-05,McDonald's Bangsar,Restaurant,2,200000,"48, Jalan Telawi 5, Bangsar, 59100 Kuala Lumpur, Wilayah Persekutuan Kuala Lumpur, Malaysia",59100 Kuala Lumpur,Kuala Lumpur,59100.0,http://www.mcdonalds.com.my/,,,60322012551.0,,60322012551.0,4.0,4164.0,$$ (Moderate),OPERATIONAL,ChIJ9a-mtqJJzDERqPXc8Sg6qHE,3.132982299999999,101.6723034,Losing money to waste but don't know how much,2,,,Google Places API,Rating: 4/5 (4164 reviews),,New,,Google Places Scraper,2025-11-05,95,HOT
"Growth System - RM 5,997/mo","Save RM 35-50k/mo, 35-45% reduction",GOOGLE-ChIJOfR_,2025-11-05,7 Spice,Restaurant,2,400000,"G-01, Block 5, Lbh Skudai, Danga Bay, 80200 Johor Bahru, Johor Darul Ta'zim, Malaysia",80200 Johor Bahru,Johor,80200.0,https://ocelu.me/7-spice-686564-web,,,60167107069.0,,60167107069.0,4.4,2950.0,$$$ (Expensive),OPERATIONAL,ChIJOfR_R65y2jERDsghx1zuLq8,1.4840821,103.7183952,Losing money to waste but don't know how much,2,,,Google Places API,Rating: 4.4/5 (2950 reviews),,New,,Google Places Scraper,2025-11-05,95,HOT
"Growth System - RM 5,997/mo","Save RM 35-50k/mo, 35-45% reduction",GOOGLE-ChIJ1wF_,2025-11-05,Restoran LC Catering Sdn Bhd,Restaurant,1,150000,"340, Jalan Balau 1, Taman Melodies, 80250 Johor Bahru, Johor Darul Ta'zim, Malaysia",80250 Johor Bahru,Johor,80250.0,http://www.lc-catering.com.my/usr/page.aspx?pgid=2,,,6073357355.0,,6073357355.0,4.0,1053.0,$$ (Moderate),OPERATIONAL,ChIJ1wF_YCRt2jER7-rqraoq6uQ,1.4901136,103.7665865,Losing money to waste but don't know how much,2,,,Google Places API,Rating: 4/5 (1053 reviews),,New,,Google Places Scraper,2025-11-05,95,HOT
"Growth System - RM 5,997/mo","Save RM 35-50k/mo, 35-45% reduction",GOOGLE-ChIJUQ5K,2025-11-05,Levain Boulangerie & Patisserie,"Bakery, Cafe, Restaurant",2,200000,"7, Jalan Delima, Imbi, 55100 Kuala Lumpur, Wilayah Persekutuan Kuala Lumpur, Malaysia",55100 Kuala Lumpur,Kuala Lumpur,55100.0,http://www.levain.com.my/,,,60321426611.0,,60321426611.0,4.2,2941.0,$$ (Moderate),CLOSED_TEMPORARILY,ChIJUQ5KhjE2zDERSI4cz_Nxgm8,3.1461472,101.7203639,Losing money to waste but don't know how much,2,,,Google Places API,Rating: 4.2/5 (2941 reviews),,New,,Google Places Scraper,2025-11-05,95,HOT
"Growth System - RM 5,997/mo","Save RM 35-50k/mo, 35-45% reduction",GOOGLE-ChIJg1lB,2025-11-05,Ashhryshoshedap,"Restaurant, Cafe",5,300000,"NO 24, Nongchik Riverside, Jalan Kolam Ayer, Kampung Mohd Amin, 80200 Johor Bahru, Johor, Malaysia",80200 Johor Bahru,Johor,80200.0,https://instagram.com/ashhryshoshedap?utm_medium=copy_link,,,6072071939.0,,6072071939.0,4.9,16414.0,$$ (Moderate),OPERATIONAL,ChIJg1lBJaly2jERxLUsFHa0ZfE,1.46532,103.7367235,Can't standardize operations across locations,2,,,Google Places API,Rating: 4.9/5 (16414 reviews),,New,,Google Places Scraper,2025-11-05,95,HOT
"Growth System - RM 5,997/mo","Save RM 35-50k/mo, 35-45% reduction",GOOGLE-ChIJ1dfE,2025-11-05,WTF Restaurant,"Bakery, Store, Restaurant",2,400000,"98, Lrg Maarof, Bangsar, 59100 Kuala Lumpur, Wilayah Persekutuan Kuala Lumpur, Malaysia",59100 Kuala Lumpur,Kuala Lumpur,59100.0,https://wtfrestorant.shop/,,,60192617070.0,,60192617070.0,4.5,3938.0,$$$ (Expensive),OPERATIONAL,ChIJ1dfEh6hJzDERrXgCs7couWg,3.1324601,101.6731023,Losing money to waste but don't know how much,2,,,Google Places API,Rating: 4.5/5 (3938 reviews),,New,,Google Places Scraper,2025-11-05,95,HOT
"Growth System - RM 5,997/mo","Save RM 35-50k/mo, 35-45% reduction",GOOGLE-ChIJUZ-c,2025-11-05,McDonald's Petron Section 7 DT,Restaurant,2,200000,"Fasa 3C, No. 5, Persiaran Kayangan, Seksyen 7, 40000 Shah Alam, Selangor, Malaysia",40000 Shah Alam,Selangor,40000.0,https://www.mcdonalds.com.my/,,,60355230379.0,,60355230379.0,4.1,3097.0,$$ (Moderate),OPERATIONAL,ChIJUZ-cB_BSzDERCug2kjrXl4Q,3.065697999999999,101.490766,Losing money to waste but don't know how much,2,,,Google Places API,Rating: 4.1/5 (3097 reviews),,New,,Google Places Scraper,2025-11-05,95,HOT
"Growth System - RM 5,997/mo","Save RM 35-50k/mo, 35-45% reduction",GOOGLE-ChIJq7Q6,2025-11-05,Mr Naan & Mrs Idly,"Meal Takeaway, Store, Restaurant",2,200000,"190, Jalan Tun Sambanthan, Brickfields, 50470 Kuala Lumpur, Wilayah Persekutuan Kuala Lumpur, Malaysia",50470 Kuala Lumpur,Kuala Lumpur,50470.0,,,,60177629070.0,,60177629070.0,4.4,2790.0,$$ (Moderate),OPERATIONAL,ChIJq7Q6lsFJzDERq1u8QaI3gN0,3.1312834,101.6860383,Losing money to waste but don't know how much,2,,,Google Places API,Rating: 4.4/5 (2790 reviews),,New,,Google Places Scraper,2025-11-05,95,HOT
"Growth System - RM 5,997/mo","Save RM 35-50k/mo, 35-45% reduction",GOOGLE-ChIJ_zj8,2025-11-05,Black Kettle,Cafe,2,200000,"105, Beach St, Georgetown, 10300 George Town, Penang, Malaysia",10300 George Town,Penang,10300.0,https://www.facebook.com/blackkettlemy,,,6042519270.0,,6042519270.0,4.2,2438.0,$$ (Moderate),OPERATIONAL,ChIJ_zj8C47DSjARAuuGc6p216I,5.4154122,100.339716,Losing money to waste but don't know how much,2,,,Google Places API,Rating: 4.2/5 (2438 reviews),,New,,Google Places Scraper,2025-11-05,95,HOT
"Growth System - RM 5,997/mo","Save RM 35-50k/mo, 35-45% reduction",GOOGLE-ChIJ44t0,2025-11-05,"The Alley, 5 Stewart Lane",Cafe,2,200000,"5, Stewart Ln, Georgetown, 10200 George Town, Penang, Malaysia",10200 George Town,Penang,10200.0,https://www.facebook.com/thealleypenang,,,60173734829.0,,60173734829.0,4.8,2223.0,$$ (Moderate),OPERATIONAL,ChIJ44t014_DSjAR5P0cuMob9sM,5.4185054,100.3384157,Losing money to waste but don't know how much,2,,,Google Places API,Rating: 4.8/5 (2223 reviews),,New,,Google Places Scraper,2025-11-05,95,HOT
"Growth System - RM 5,997/mo","Save RM 35-50k/mo, 35-45% reduction",GOOGLE-ChIJlRmx,2025-11-05,SOULed OUT Kuala Lumpur,"Cafe, Bar, Restaurant",2,200000,"20, Jalan 30/70 A, Desa, Sri Hartamas, 50480 Kuala Lumpur, Federal Territory of Kuala Lumpur, Malaysia",50480 Kuala Lumpur,Kuala Lumpur,50480.0,https://www.souledoutgroup.com.my/souled-out/kuala-lumpur,,,60122001955.0,,60122001955.0,4.4,3700.0,$$ (Moderate),OPERATIONAL,ChIJlRmxwO9IzDERgKO_AmGNxME,3.1633988,101.6485535,Losing money to waste but don't know how much,2,,,Google Places API,Rating: 4.4/5 (3700 reviews),,New,,Google Places Scraper,2025-11-05,95,HOT
"Growth System - RM 5,997/mo","Save RM 35-50k/mo, 35-45% reduction",GOOGLE-ChIJ60rS,2025-11-05,TREC Kuala Lumpur,"Night Club, Cafe, Bar",5,600000,"438, Jln Tun Razak, KL City Centre, 50400 Kuala Lumpur, Wilayah Persekutuan Kuala Lumpur, Malaysia",50400 Kuala Lumpur,Kuala Lumpur,50400.0,http://www.trec.com.my/,,,60321105095.0,,60321105095.0,4.3,6678.0,$$$ (Expensive),OPERATIONAL,ChIJ60rSYTo2zDERFnjGlXrU6ks,3.1397195,101.7211132,Can't standardize operations across locations,2,,,Google Places API,Rating: 4.3/5 (6678 reviews),,New,,Google Places Scraper,2025-11-05,95,HOT
"Growth System - RM 5,997/mo","Save RM 35-50k/mo, 35-45% reduction",GOOGLE-ChIJH5xm,2025-11-05,Petronas Twin Towers,Restaurant,5,240000,"Lower Ground (Concourse) Level, Menara Berkembar Petronas, Kuala Lumpur City Centre, 50088 Kuala Lumpur, Wilayah Persekutuan Kuala Lumpur, Malaysia",50088 Kuala Lumpur,Kuala Lumpur,50088.0,https://www.petronastwintowers.com.my/,,,60323318080.0,,60323318080.0,4.7,100870.0,Unknown,OPERATIONAL,ChIJH5xmLdE3zDERVpCKfNH9Op4,3.1574693,101.7115639,Can't standardize operations across locations,2,,,Google Places API,Rating: 4.7/5 (100870 reviews),,New,,Google Places Scraper,2025-11-05,95,HOT
"Growth System - RM 5,997/mo","Save RM 35-50k/mo, 35-45% reduction",GOOGLE-ChIJn0Tr,2025-11-05,"Mandarin Oriental, Kuala Lumpur","Spa, Lodging, Bar",5,240000,"Kuala Lumpur City Centre, 50088 Kuala Lumpur, Wilayah Persekutuan Kuala Lumpur, Malaysia",50088 Kuala Lumpur,Kuala Lumpur,50088.0,https://www.mandarinoriental.com/en/kuala-lumpur/petronas-towers?src=loc.yext.mokul.ggl,,,60323808888.0,,60323808888.0,4.6,8879.0,Unknown,OPERATIONAL,ChIJn0TrD9Q3zDERSpw1Ns9muFs,3.1557927,101.7119498,Can't standardize operations across locations,2,,,Google Places API,Rating: 4.6/5 (8879 reviews),,New,,Google Places Scraper,2025-11-05,95,HOT
"Growth System - RM 5,997/mo","Save RM 35-50k/mo, 35-45% reduction",GOOGLE-ChIJyykJ,2025-11-05,"US Pizza - Greenlane, Penang","Restaurant, Meal Takeaway",2,200000,"3-D, Lorong Delima 1 Jelutong, Taman Island Glades, 11700 George Town, Pulau Pinang, Malaysia",11700 George Town,,11700.0,https://uspizza.my/,,,6046552828.0,,6046552828.0,4.5,2306.0,$$ (Moderate),OPERATIONAL,ChIJyykJSYDBSjARmykx29_w6nw,5.3856969,100.3041797,Losing money to waste but don't know how much,2,,,Google Places API,Rating: 4.5/5 (2306 reviews),,New,,Google Places Scraper,2025-11-05,95,HOT
"Growth System - RM 5,997/mo","Save RM 35-50k/mo, 35-45% reduction",GOOGLE-ChIJdUmE,2025-11-05,Kaka Fusion Cafe & Vibes,"Cafe, Meal Takeaway, Restaurant",2,400000,"215, Jln Imbi, Bukit Bintang, 55100 Kuala Lumpur, Wilayah Persekutuan Kuala Lumpur, Malaysia",55100 Kuala Lumpur,Kuala Lumpur,55100.0,,,,60134149427.0,,60134149427.0,4.5,2170.0,$$$ (Expensive),OPERATIONAL,ChIJdUmE1i02zDERY8sPE5vcMFQ,3.1462986,101.7156434,Losing money to waste but don't know how much,2,,,Google Places API,Rating: 4.5/5 (2170 reviews),,New,,Google Places Scraper,2025-11-05,95,HOT
"Growth System - RM 5,997/mo","Save RM 35-50k/mo, 35-45% reduction",GOOGLE-ChIJN9mr,2025-11-05,WHEELER'S,"Cafe, Bar, Restaurant",2,200000,"67, Lorong Love, George Town, 10200 George Town, Pulau Pinang, Malaysia",10200 George Town,,10200.0,http://www.wheelers.com.my/,,,60195247703.0,,60195247703.0,4.6,4027.0,$$ (Moderate),OPERATIONAL,ChIJN9mrRJDDSjARoANJhEVGNwM,5.418730099999999,100.3365486,Losing money to waste but don't know how much,2,,,Google Places API,Rating: 4.6/5 (4027 reviews),,New,,Google Places Scraper,2025-11-05,95,HOT
"Growth System - RM 5,997/mo","Save RM 35-50k/mo, 35-45% reduction",GOOGLE-ChIJzdsO,2025-11-05,Kenny Hills Bakers @ Ampang,"Cafe, Bakery, Restaurant",2,200000,"241-B Lorong Nibong, Off, Jln Ampang, Wilayah Persekutuan, 50450 Kuala Lumpur, Wilayah Persekutuan Kuala Lumpur, Malaysia",50450 Kuala Lumpur,Kuala Lumpur,50450.0,http://kennyhillsbakers.com/,,,60342652020.0,,60342652020.0,4.3,3742.0,$$ (Moderate),OPERATIONAL,ChIJzdsOeDhIzDERLIh9ELo5JW4,3.1597088,101.7287371,Losing money to waste but don't know how much,2,,,Google Places API,Rating: 4.3/5 (3742 reviews),,New,,Google Places Scraper,2025-11-05,95,HOT
"Growth System - RM 5,997/mo","Save RM 35-50k/mo, 35-45% reduction",GOOGLE-ChIJ73SC,2025-11-05,Aliyaa,Restaurant,1,300000,"No 48 G&M, Jalan Medan Setia 2, Bukit Damansara, 50490 Kuala Lumpur, Wilayah Persekutuan Kuala Lumpur, Malaysia",50490 Kuala Lumpur,Kuala Lumpur,50490.0,https://www.aliyaakl.com/,,,60178833738.0,,60178833738.0,4.4,1336.0,$$$ (Expensive),OPERATIONAL,ChIJ73SCX1RIzDERTYDlfaVsoYA,3.1493406,101.6537734,Losing money to waste but don't know how much,2,,,Google Places API,Rating: 4.4/5 (1336 reviews),,New,,Google Places Scraper,2025-11-05,95,HOT
"Growth System - RM 5,997/mo","Save RM 35-50k/mo, 35-45% reduction",GOOGLE-ChIJoZHX,2025-11-05,Feeka Coffee Roasters,"Cafe, Restaurant",2,200000,"19, Jln Mesui, Bukit Bintang, 50200 Kuala Lumpur, Wilayah Persekutuan Kuala Lumpur, Malaysia",50200 Kuala Lumpur,Kuala Lumpur,50200.0,https://feekacoffeeroasters.orderu.com/,,,60321104599.0,,60321104599.0,4.4,3988.0,$$ (Moderate),OPERATIONAL,ChIJoZHXWCo2zDERg8ElLFMydz4,3.1486849,101.7084482,Losing money to waste but don't know how much,2,,,Google Places API,Rating: 4.4/5 (3988 reviews),,New,,Google Places Scraper,2025-11-05,95,HOT
"Growth System - RM 5,997/mo","Save RM 35-50k/mo, 35-45% reduction",GOOGLE-ChIJVWBD,2025-11-05,Marrakesh Restaurant,Restaurant,2,200000,"6, Lorong Raja Uda 1, Off, Jalan Raja Uda, Kampung Baru, 50300 Kuala Lumpur, Federal Territory of Kuala Lumpur, Malaysia",50300 Kuala Lumpur,Kuala Lumpur,50300.0,https://www.marrakeshresturaunt.com/,,,60322027943.0,,60322027943.0,4.2,2848.0,$$ (Moderate),OPERATIONAL,ChIJVWBDs943zDER4l5cPtJyM50,3.166932,101.7124236,Losing money to waste but don't know how much,2,,,Google Places API,Rating: 4.2/5 (2848 reviews),,New,,Google Places Scraper,2025-11-05,95,HOT
"Growth System - RM 5,997/mo","Save RM 35-50k/mo, 35-45% reduction",GOOGLE-ChIJAdaI,2025-11-05,Kraffmen Cafe,Cafe,2,200000,"80, Jalan Zainul Abidin, 10400 George Town, Pulau Pinang, Malaysia",10400 George Town,,10400.0,https://www.facebook.com/share/1aGBoggoa5/,,,60172910728.0,,60172910728.0,4.7,2153.0,$$ (Moderate),OPERATIONAL,ChIJAdaIyL3DSjAR954rvYrTF-A,5.416586699999999,100.3251116,Losing money to waste but don't know how much,2,,,Google Places API,Rating: 4.7/5 (2153 reviews),,New,,Google Places Scraper,2025-11-05,95,HOT
"Growth System - RM 5,997/mo","Save RM 35-50k/mo, 35-45% reduction",GOOGLE-ChIJh87f,2025-11-05,Nando's Pavilion,Restaurant,2,200000,"Lot 1 . 105 . 00, 166, Bukit Bintang Rd, Bukit Bintang, 55100 Kuala Lumpur, Federal Territory of Kuala Lumpur, Malaysia",55100 Kuala Lumpur,Kuala Lumpur,55100.0,http://www.nandos.com.my/,,,60389662536.0,,60389662536.0,4.2,2013.0,$$ (Moderate),OPERATIONAL,ChIJh87fZCw2zDERJtuoc_ov7IM,3.1484677,101.7126373,Losing money to waste but don't know how much,2,,,Google Places API,Rating: 4.2/5 (2013 reviews),,New,,Google Places Scraper,2025-11-05,95,HOT
"Growth System - RM 5,997/mo","Save RM 35-50k/mo, 35-45% reduction",GOOGLE-ChIJiQiZ,2025-11-05,Ghee Hiang,"Bakery, Store",2,200000,"216, Jln Macalister, 10400 George Town, Pulau Pinang, Malaysia",10400 George Town,,10400.0,https://www.ghee-hiang.com/,,,6042272222.0,,6042272222.0,4.5,2218.0,$$ (Moderate),OPERATIONAL,ChIJiQiZnLvDSjARG0cgLXqKLqc,5.417865700000001,100.3217154,Losing money to waste but don't know how much,2,,,Google Places API,Rating: 4.5/5 (2218 reviews),,New,,Google Places Scraper,2025-11-05,95,HOT
"Growth System - RM 5,997/mo","Save RM 35-50k/mo, 35-45% reduction",GOOGLE-ChIJkQfT,2025-11-05,SOULed OUT Ampang,"Restaurant, Cafe, Bar",2,200000,"G-12-AF, Ground Floor, The Linc, 360, Jln Tun Razak, Taman U Thant, 50400 Kuala Lumpur, Wilayah Persekutuan Kuala Lumpur, Malaysia",50400 Kuala Lumpur,Kuala Lumpur,50400.0,https://www.souledoutgroup.com.my/souled-out/ampang,,,60126557622.0,,60126557622.0,4.4,2567.0,$$ (Moderate),OPERATIONAL,ChIJkQfT7MU3zDERSW0gS09DB44,3.1598029,101.7207652,Losing money to waste but don't know how much,2,,,Google Places API,Rating: 4.4/5 (2567 reviews),,New,,Google Places Scraper,2025-11-05,95,HOT
"Growth System - RM 5,997/mo","Save RM 35-50k/mo, 35-45% reduction",GOOGLE-ChIJT_lb,2025-11-05,Sushi Zanmai @ 1 Utama,Restaurant,2,200000,"SK9A, Lebuh Bandar Utama, Bandar Utama, 47800 Petaling Jaya, Selangor, Malaysia",47800 Petaling Jaya,Selangor,47800.0,https://www.supersushi.com.my/,,,60127712030.0,,60127712030.0,4.2,2323.0,$$ (Moderate),OPERATIONAL,ChIJT_lbN9VOzDERy4Rmoc3eIRU,3.15066,101.6151952,Losing money to waste but don't know how much,2,,,Google Places API,Rating: 4.2/5 (2323 reviews),,New,,Google Places Scraper,2025-11-05,95,HOT
"Growth System - RM 5,997/mo","Save RM 35-50k/mo, 35-45% reduction",GOOGLE-ChIJd3NU,2025-11-05,Moody Cow Dessert Cafe,Cafe,1,300000,"170, Jalan Transfer, George Town, 10050 George Town, Pulau Pinang, Malaysia",10050 George Town,,10050.0,https://www.facebook.com/moodycowpenang,,,60106502646.0,,60106502646.0,3.8,1258.0,$$$ (Expensive),OPERATIONAL,ChIJd3NUoZfDSjAR4ScpAzDNT6Y,5.4195118,100.3299789,Losing money to waste but don't know how much,2,,,Google Places API,Rating: 3.8/5 (1258 reviews),,New,,Google Places Scraper,2025-11-05,90,HOT
"Growth System - RM 5,997/mo","Save RM 35-50k/mo, 35-45% reduction",GOOGLE-ChIJe31X,2025-11-05,Khulafa Bistro,Restaurant,2,200000,"41, Jalan Kristal L7/L, Seksyen 7, 40000 Shah Alam, Selangor, Malaysia",40000 Shah Alam,Selangor,40000.0,https://eatsjust.com/restaurant/7f8fb99a-8f86-4cab-90a2-fc7eee47f648,,,60355102293.0,,60355102293.0,3.9,2036.0,$$ (Moderate),OPERATIONAL,ChIJe31XVP9SzDER518B7AS0lgc,3.0750455,101.4847477,Losing money to waste but don't know how much,2,,,Google Places API,Rating: 3.9/5 (2036 reviews),,New,,Google Places Scraper,2025-11-05,90,HOT
"Growth System - RM 5,997/mo","Save RM 35-50k/mo, 35-45% reduction",GOOGLE-ChIJuWSa,2025-11-05,Banafee Village,Restaurant,2,200000,"9022, Jalan Dato Abdullah Tahir, Taman Abad, 80300 Johor Bahru, Johor Darul Ta'zim, Malaysia",80300 Johor Bahru,Johor,80300.0,https://www.facebook.com/banafeevillage,,,6073333377.0,,6073333377.0,3.8,3693.0,$$ (Moderate),OPERATIONAL,ChIJuWSaBDNt2jERzyJH1hdcjc0,1.4791819,103.7589653,Losing money to waste but don't know how much,2,,,Google Places API,Rating: 3.8/5 (3693 reviews),,New,,Google Places Scraper,2025-11-05,90,HOT
"Growth System - RM 5,997/mo","Save RM 35-50k/mo, 35-45% reduction",GOOGLE-ChIJd-mo,2025-11-05,Thistle Johor Bahru,"Night Club, Lodging, Bar",5,240000,"Thistle Johor Bahru, Jalan Sungai Chat, Sri Gelam, 80100 Johor Bahru, Johor Darul Ta'zim, Malaysia",80100 Johor Bahru,Johor,80100.0,http://www.thistle.com.my/johorbahru/,,,6072678999.0,,6072678999.0,3.9,5456.0,Unknown,OPERATIONAL,ChIJd-mojLwS2jERStXXq8-Vdts,1.4622245,103.7435984,Can't standardize operations across locations,2,,,Google Places API,Rating: 3.9/5 (5456 reviews),,New,,Google Places Scraper,2025-11-05,90,HOT
"Growth System - RM 5,997/mo","Save RM 35-50k/mo, 35-45% reduction",GOOGLE-ChIJ-R5m,2025-11-05,KFC,"Restaurant, Meal Takeaway",2,200000,"Lot 1508, Jalan Plumbum 2 7/2, Seksyen 7, 40100 Shah Alam, Selangor, Malaysia",40100 Shah Alam,Selangor,40100.0,https://kfc.com.my/,,,60355135672.0,,60355135672.0,3.9,2112.0,$$ (Moderate),OPERATIONAL,ChIJ-R5mg_pSzDER9n4AK66MrPM,3.0670708,101.4908452,Losing money to waste but don't know how much,2,,,Google Places API,Rating: 3.9/5 (2112 reviews),,New,,Google Places Scraper,2025-11-05,90,HOT
"Growth System - RM 5,997/mo","Save RM 35-50k/mo, 35-45% reduction",GOOGLE-ChIJmbVd,2025-11-05,NASI LEMAK CINTA SAYANG ❤️ (SHAH ALAM),Restaurant,2,200000,"2, Jalan Renang 13/26, Seksyen 13, 40100 Shah Alam, Selangor, Malaysia",40100 Shah Alam,Selangor,40100.0,,,,60138000803.0,,60138000803.0,3.7,2803.0,$$ (Moderate),OPERATIONAL,ChIJmbVdX5ZNzDERnfIf_mv4ubA,3.087734,101.544697,Losing money to waste but don't know how much,2,,,Google Places API,Rating: 3.7/5 (2803 reviews),,New,,Google Places Scraper,2025-11-05,90,HOT
"Growth System - RM 5,997/mo","Save RM 35-50k/mo, 35-45% reduction",GOOGLE-ChIJgxv1,2025-11-05,Nona Bali Restaurant,Restaurant,1,200000,"23, Lintang Burma, 10350 George Town, Pulau Pinang, Malaysia",10350 George Town,,10350.0,https://www.nonabalirestaurant.com/,,,6042281630.0,,6042281630.0,4.5,526.0,$$$ (Expensive),OPERATIONAL,ChIJgxv1pefDSjARk-S9-uU065E,5.432977900000001,100.3114119,Losing money to waste but don't know how much,2,,,Google Places API,Rating: 4.5/5 (526 reviews),,New,,Google Places Scraper,2025-11-05,90,HOT
"Growth System - RM 5,997/mo","Save RM 35-50k/mo, 35-45% reduction",GOOGLE-ChIJZxAs,2025-11-05,George & Dragon Cafe,"Cafe, Restaurant",1,200000,"No. 1 & 3, Jalan Glasiar, Taman Tasek, 80200 Johor Bahru, Johor Darul Ta'zim, Malaysia",80200 Johor Bahru,Johor,80200.0,https://letsumai.com/widget/george-and-dragon?fbclid=PAZXh0bgNhZW0CMTEAAaa0s-Ref19ZG1KsMzknrWHM8M-qbGFxHUCns_SjHpQX-HwCxVt-1gORLHA_aem_N2UxwWKVlU2LEuqTOKeKTQ&party_size=2&date=2024-08-15,,,6072323761.0,,6072323761.0,4.3,749.0,$$$ (Expensive),OPERATIONAL,ChIJZxAszady2jERUmJX5kHFSAc,1.4875693,103.7260182,Losing money to waste but don't know how much,2,,,Google Places API,Rating: 4.3/5 (749 reviews),,New,,Google Places Scraper,2025-11-05,90,HOT
"Growth System - RM 5,997/mo","Save RM 35-50k/mo, 35-45% reduction",GOOGLE-ChIJ__mv,2025-11-05,Wong Solo @Shah Alam,Restaurant,2,200000,"No. 8G & 10G, Jalan Plumbum P7/P, Seksyen 7, 40000 Shah Alam, Selangor, Malaysia",40000 Shah Alam,Selangor,40000.0,https://m.facebook.com/pages/Wong-Solo-Seksyen-7/153565574688118,,,60355232894.0,,60355232894.0,3.8,3053.0,$$ (Moderate),OPERATIONAL,ChIJ__mvcPpSzDERCOqxWxI_oqo,3.068649,101.4904894,Losing money to waste but don't know how much,2,,,Google Places API,Rating: 3.8/5 (3053 reviews),,New,,Google Places Scraper,2025-11-05,90,HOT
"Growth System - RM 5,997/mo","Save RM 35-50k/mo, 35-45% reduction",GOOGLE-ChIJe8M7,2025-11-05,McDonald's SS 2 SF,Restaurant,2,200000,"56, Jalan SS 2/61, SS 2, 47300 Petaling Jaya, Selangor, Malaysia",47300 Petaling Jaya,Selangor,47300.0,https://www.mcdonalds.com.my/,,,60378731026.0,,60378731026.0,3.7,3321.0,$$ (Moderate),OPERATIONAL,ChIJe8M7AVRJzDERiBKWBiMUL_s,3.118279599999999,101.6204302,Losing money to waste but don't know how much,2,,,Google Places API,Rating: 3.7/5 (3321 reviews),,New,,Google Places Scraper,2025-11-05,90,HOT
"Growth System - RM 5,997/mo","Save RM 35-50k/mo, 35-45% reduction",GOOGLE-ChIJY_K9,2025-11-05,KFC Raja Laut,"Meal Takeaway, Restaurant",2,200000,"138 & 140, Jln Raja Laut, Chow Kit, 50350 Kuala Lumpur, Wilayah Persekutuan Kuala Lumpur, Malaysia",50350 Kuala Lumpur,Kuala Lumpur,50350.0,https://kfc.com.my/,,,60340500167.0,,60340500167.0,3.9,2423.0,$$ (Moderate),OPERATIONAL,ChIJY_K9WiNIzDERAUBNiqBsqEA,3.1667161,101.6962418,Losing money to waste but don't know how much,2,,,Google Places API,Rating: 3.9/5 (2423 reviews),,New,,Google Places Scraper,2025-11-05,90,HOT
"Growth System - RM 5,997/mo","Save RM 35-50k/mo, 35-45% reduction",GOOGLE-ChIJVflc,2025-11-05,Fong Lye Taiwan Restaurant @Hartamas 蓬莱飯店,Restaurant,1,200000,"No.9, Ground Floor Plaza Prismaville, Jalan 19/70a, Desa Sri Hartamas, 50480 Kuala Lumpur, Wilayah Persekutuan Kuala Lumpur, Malaysia",50480 Kuala Lumpur,Kuala Lumpur,50480.0,https://www.fonglyetaiwanrestaurant.com/?mibextid=Zxz2cZ,,,60362017998.0,,60362017998.0,4.3,641.0,$$$ (Expensive),OPERATIONAL,ChIJVflcTOVIzDERBMIkCCzBUzE,3.160986099999999,101.6497463,Losing money to waste but don't know how much,2,,,Google Places API,Rating: 4.3/5 (641 reviews),,New,,Google Places Scraper,2025-11-05,90,HOT
"Growth System - RM 5,997/mo","Save RM 35-50k/mo, 35-45% reduction",GOOGLE-ChIJLeYh,2025-11-05,Caffeinees (Sunway - EGG),"Cafe, Restaurant",1,200000,"Suite G-01, Ground Floor, Pinnacle Annexe, Bandar Sunway, 47500 Subang Jaya, Selangor, Malaysia",47500 Subang Jaya,Selangor,47500.0,,,,60179488684.0,,60179488684.0,4.3,812.0,$$$ (Expensive),OPERATIONAL,ChIJLeYhyIZMzDER9gVBe8qLaIg,3.0703895,101.6094852,Losing money to waste but don't know how much,2,,,Google Places API,Rating: 4.3/5 (812 reviews),,New,,Google Places Scraper,2025-11-05,90,HOT
"Growth System - RM 5,997/mo","Save RM 35-50k/mo, 35-45% reduction",GOOGLE-ChIJf2om,2025-11-05,Via Pre KL Italian Restaurant,"Liquor Store, Cafe, Bar",1,200000,"25, Lorong Setiabistari 2, Bukit Damansara, 50490 Kuala Lumpur, Wilayah Persekutuan Kuala Lumpur, Malaysia",50490 Kuala Lumpur,Kuala Lumpur,50490.0,http://www.via-pre.com/,,,60320112003.0,,60320112003.0,4.4,572.0,$$$ (Expensive),OPERATIONAL,ChIJf2omWwZJzDERBtB0nrKp-8E,3.143916299999999,101.6575173,Losing money to waste but don't know how much,2,,,Google Places API,Rating: 4.4/5 (572 reviews),,New,,Google Places Scraper,2025-11-05,90,HOT
"Growth System - RM 5,997/mo","Save RM 35-50k/mo, 35-45% reduction",GOOGLE-ChIJAAAA,2025-11-05,The Bread Shop,"Bakery, Cafe, Restaurant",1,200000,"11, Jalan Setiakasih 5, Bukit Damansara, 50490 Kuala Lumpur, Wilayah Persekutuan Kuala Lumpur, Malaysia",50490 Kuala Lumpur,Kuala Lumpur,50490.0,https://www.facebook.com/thebreadshopdamansara/,,,60320938734.0,,60320938734.0,4.4,761.0,$$$ (Expensive),OPERATIONAL,ChIJAAAAAPxIzDERs-dvYnoBa3c,3.1533357,101.6493479,Losing money to waste but don't know how much,2,,,Google Places API,Rating: 4.4/5 (761 reviews),,New,,Google Places Scraper,2025-11-05,90,HOT
"Growth System - RM 5,997/mo","Save RM 35-50k/mo, 35-45% reduction",GOOGLE-ChIJi8A4,2025-11-05,Alexis Bistro @ Bangsar,"Restaurant, Bar",1,200000,"29, Jln Telawi 3, Bangsar, 59100 Kuala Lumpur, Wilayah Persekutuan Kuala Lumpur, Malaysia",59100 Kuala Lumpur,Kuala Lumpur,59100.0,https://alexisbistro.cargo.site/,,,60322842880.0,,60322842880.0,4.1,920.0,$$$ (Expensive),OPERATIONAL,ChIJi8A4dJhJzDER5S34PCD3Pus,3.131788100000001,101.6709146,Losing money to waste but don't know how much,2,,,Google Places API,Rating: 4.1/5 (920 reviews),,New,,Google Places Scraper,2025-11-05,90,HOT
"Growth System - RM 5,997/mo","Save RM 35-50k/mo, 35-45% reduction",GOOGLE-ChIJPaMw,2025-11-05,Original Penang Kayu Nasi Kandar- SS2,Restaurant,2,200000,"64, Jalan SS 2/10, SS 2, 47300 Petaling Jaya, Selangor, Malaysia",47300 Petaling Jaya,Selangor,47300.0,http://www.originalkayu.com.my/,,,60378764767.0,,60378764767.0,3.7,4288.0,$$ (Moderate),OPERATIONAL,ChIJPaMw7VRJzDERAqBnpVnAVL8,3.1167306,101.6175921,Losing money to waste but don't know how much,2,,,Google Places API,Rating: 3.7/5 (4288 reviews),,New,,Google Places Scraper,2025-11-05,90,HOT
"Growth System - RM 5,997/mo","Save RM 35-50k/mo, 35-45% reduction",GOOGLE-ChIJs21e,2025-11-05,KFC,"Meal Takeaway, Restaurant",2,200000,"Lot 47, PT 28, Lorong Universiti A, Section 16, 59200 Petaling Jaya, Wilayah Persekutuan Kuala Lumpur, Malaysia",59200 Petaling Jaya,Kuala Lumpur,59200.0,https://kfc.com.my/,,,60379321084.0,,60379321084.0,3.9,3310.0,$$ (Moderate),OPERATIONAL,ChIJs21eDwxMzDERewsTI7V8L98,3.118423,101.6480817,Losing money to waste but don't know how much,2,,,Google Places API,Rating: 3.9/5 (3310 reviews),,New,,Google Places Scraper,2025-11-05,90,HOT
"Growth System - RM 5,997/mo","Save RM 35-50k/mo, 35-45% reduction",GOOGLE-ChIJU10P,2025-11-05,Pantai Seafood Restaurant,Restaurant,2,200000,"No. 13575, Jalan Chempaka Kg, Kampung Sungai Kayu Ara, 47400 Petaling Jaya, Selangor, Malaysia",47400 Petaling Jaya,Selangor,13575.0,http://unique-seafood.com.my/Restaurants-Pantai,,,60162104366.0,,60162104366.0,3.9,2805.0,$$ (Moderate),OPERATIONAL,ChIJU10P-LNOzDER2AegT9iOnDc,3.1258076,101.6090097,Losing money to waste but don't know how much,2,,,Google Places API,Rating: 3.9/5 (2805 reviews),,New,,Google Places Scraper,2025-11-05,90,HOT
"Growth System - RM 5,997/mo","Save RM 35-50k/mo, 35-45% reduction",GOOGLE-ChIJ8eGt,2025-11-05,d'Tandoor Restaurant • Subang Jaya,"Meal Takeaway, Restaurant",1,200000,"7, Jalan SS 15/5a, Ss 15, 47500 Subang Jaya, Selangor, Malaysia",47500 Subang Jaya,Selangor,47500.0,https://dtandoor.com/,,,60356322020.0,,60356322020.0,4.2,701.0,$$$ (Expensive),OPERATIONAL,ChIJ8eGt_l1MzDERz4hYO40vs20,3.0790047,101.5927057,Losing money to waste but don't know how much,2,,,Google Places API,Rating: 4.2/5 (701 reviews),,New,,Google Places Scraper,2025-11-05,90,HOT
"Growth System - RM 5,997/mo","Save RM 35-50k/mo, 35-45% reduction",GOOGLE-ChIJ8yM9,2025-11-05,McDonald's USJ Taipan,Restaurant,2,200000,"Taipan USJ, 4, Jalan USJ 10/1, Usj 2, 47620 Subang Jaya, Selangor, Malaysia",47620 Subang Jaya,Selangor,47620.0,https://www.mcdonalds.com.my/,,,60380115219.0,,60380115219.0,3.9,2355.0,$$ (Moderate),OPERATIONAL,ChIJ8yM9QMRMzDERWC36HTkrddQ,3.048208,101.5857969,Losing money to waste but don't know how much,2,,,Google Places API,Rating: 3.9/5 (2355 reviews),,New,,Google Places Scraper,2025-11-05,90,HOT
"Growth System - RM 5,997/mo","Save RM 35-50k/mo, 35-45% reduction",GOOGLE-ChIJQzcq,2025-11-05,Tamarind Hill,"Bar, Restaurant",1,200000,"19, Jln Sultan Ismail, Bukit Bintang, 50250 Kuala Lumpur, Wilayah Persekutuan Kuala Lumpur, Malaysia",50250 Kuala Lumpur,Kuala Lumpur,50250.0,https://samadhiretreats.com/tamarind-hill-kuala-lumpur/26,,,60321483200.0,,60321483200.0,4.2,605.0,$$$ (Expensive),CLOSED_TEMPORARILY,ChIJQzcqdNU3zDERUY0izrCokEE,3.152927800000001,101.7086755,Losing money to waste but don't know how much,2,,,Google Places API,Rating: 4.2/5 (605 reviews),,New,,Google Places Scraper,2025-11-05,90,HOT
"Growth System - RM 5,997/mo","Save RM 35-50k/mo, 35-45% reduction",GOOGLE-ChIJkxdT,2025-11-05,Jogoya Japanese Buffet Restaurant,Restaurant,2,400000,"LG 05 Lower Ground Floor, The, 181, Bukit Bintang Rd, Bukit Bintang, 55100 Kuala Lumpur, Federal Territory of Kuala Lumpur, Malaysia",55100 Kuala Lumpur,Kuala Lumpur,55100.0,http://www.jogoyarestaurants.com/,,,60321411666.0,,60321411666.0,3.8,2968.0,$$$ (Expensive),OPERATIONAL,ChIJkxdTEyw2zDERsy8XiwXjebY,3.1465855,101.7140537,Losing money to waste but don't know how much,2,,,Google Places API,Rating: 3.8/5 (2968 reviews),,New,,Google Places Scraper,2025-11-05,90,HOT
"Growth System - RM 5,997/mo","Save RM 35-50k/mo, 35-45% reduction",GOOGLE-ChIJnynP,2025-11-05,Canai 15 Cafe (SS15),"Cafe, Restaurant",2,200000,"2, Jalan SS 15/4, Ss 15, 47500 Subang Jaya, Selangor, Malaysia",47500 Subang Jaya,Selangor,47500.0,,,,60356118932.0,,60356118932.0,3.7,2294.0,$$ (Moderate),OPERATIONAL,ChIJnynPPl9MzDERpaBZsViUq6U,3.0752302,101.5866111,Losing money to waste but don't know how much,2,,,Google Places API,Rating: 3.7/5 (2294 reviews),,New,,Google Places Scraper,2025-11-05,90,HOT
"Growth System - RM 5,997/mo","Save RM 35-50k/mo, 35-45% reduction",GOOGLE-ChIJ5yC4,2025-11-05,Strato at Troika Sky Dining,Restaurant,1,200000,"Level 23A Tower B, The Troika, 19, Persiaran KLCC, Kuala Lumpur, 50450 Kuala Lumpur, Federal Territory of Kuala Lumpur, Malaysia",50450 Kuala Lumpur,Kuala Lumpur,50450.0,https://strato-ristorante.com/,,,60321620886.0,,60321620886.0,4.4,605.0,$$$ (Expensive),OPERATIONAL,ChIJ5yC419E3zDERh7TApfjbuWc,3.1581144,101.7179393,Losing money to waste but don't know how much,2,,,Google Places API,Rating: 4.4/5 (605 reviews),,New,,Google Places Scraper,2025-11-05,90,HOT
"Growth System - RM 5,997/mo","Save RM 35-50k/mo, 35-45% reduction",GOOGLE-ChIJLSu2,2025-11-05,Victoria Station Medan Damansara,Restaurant,1,200000,"11-17, Jalan Setiapuspa, Medan Damansara, 50490 Kuala Lumpur, Wilayah Persekutuan Kuala Lumpur, Malaysia",50490 Kuala Lumpur,Kuala Lumpur,50490.0,http://www.victoriastation.com.my/,,,60320949406.0,,60320949406.0,3.6,738.0,$$$ (Expensive),OPERATIONAL,ChIJLSu2AglJzDER2bySRxQFXKQ,3.1397408,101.6579637,Losing money to waste but don't know how much,2,,,Google Places API,Rating: 3.6/5 (738 reviews),,New,,Google Places Scraper,2025-11-05,85,WARM
"Growth System - RM 5,997/mo","Save RM 35-50k/mo, 35-45% reduction",GOOGLE-ChIJS1D2,2025-11-05,Zeta Bar,Bar,1,500000,"Level 5, 3, Jalan Stesen Sentral, Kuala Lumpur Sentral, 50470 Kuala Lumpur, Wilayah Persekutuan Kuala Lumpur, Malaysia",50470 Kuala Lumpur,Kuala Lumpur,50470.0,,,,60322642596.0,,60322642596.0,4.1,256.0,$$$$ (Very Expensive),CLOSED_TEMPORARILY,ChIJS1D268BJzDER3OHeYXOIf68,3.1352695,101.6862389,Losing money to waste but don't know how much,2,,,Google Places API,Rating: 4.1/5 (256 reviews),,New,,Google Places Scraper,2025-11-05,85,WARM
"Growth System - RM 5,997/mo","Save RM 35-50k/mo, 35-45% reduction",GOOGLE-ChIJrQvy,2025-11-05,Cava,"Bar, Restaurant",1,200000,"71, Jalan Bangkung, Bangsar, 59100 Kuala Lumpur, Wilayah Persekutuan Kuala Lumpur, Malaysia",59100 Kuala Lumpur,Kuala Lumpur,59100.0,https://www.cava.my/,,,60320936637.0,,60320936637.0,4.1,414.0,$$$ (Expensive),OPERATIONAL,ChIJrQvyZqRJzDERTLLZ-WMEo4c,3.138059999999999,101.669301,Losing money to waste but don't know how much,2,,,Google Places API,Rating: 4.1/5 (414 reviews),,New,,Google Places Scraper,2025-11-05,85,WARM
"Growth System - RM 5,997/mo","Save RM 35-50k/mo, 35-45% reduction",GOOGLE-ChIJ-Rv5,2025-11-05,Opus Bistro,Restaurant,1,200000,"67, Jalan Bangkung, Bangsar, 59100 Kuala Lumpur, Wilayah Persekutuan Kuala Lumpur, Malaysia",59100 Kuala Lumpur,Kuala Lumpur,59100.0,https://www.opusbistro.my/,,,60320924288.0,,60320924288.0,4.3,349.0,$$$ (Expensive),OPERATIONAL,ChIJ-Rv5Z6RJzDERfp1PvCLRRwY,3.1381406,101.6692299,Losing money to waste but don't know how much,2,,,Google Places API,Rating: 4.3/5 (349 reviews),,New,,Google Places Scraper,2025-11-05,85,WARM
"Growth System - RM 5,997/mo","Save RM 35-50k/mo, 35-45% reduction",GOOGLE-ChIJObNT,2025-11-05,Umameat,Restaurant,1,200000,"22-G, Jalan Medan Setia 2, Bukit Damansara, 50490 Kuala Lumpur, Wilayah Persekutuan Kuala Lumpur, Malaysia",50490 Kuala Lumpur,Kuala Lumpur,50490.0,http://www.umameat.beepit.com/,,,60138806601.0,,60138806601.0,4.2,372.0,$$$ (Expensive),OPERATIONAL,ChIJObNTWto3zDERJ11p5I0IY1Q,3.1490332,101.6531168,Losing money to waste but don't know how much,2,,,Google Places API,Rating: 4.2/5 (372 reviews),,New,,Google Places Scraper,2025-11-05,85,WARM
"Growth System - RM 5,997/mo","Save RM 35-50k/mo, 35-45% reduction",GOOGLE-ChIJT1_C,2025-11-05,Lai Ching Yuen,Restaurant,1,200000,"Level 1, Grand Millennium Kuala Lumpur, 160, Bukit Bintang Rd, Bukit Bintang, 55100 Kuala Lumpur, Federal Territory of Kuala Lumpur, Malaysia",55100 Kuala Lumpur,Kuala Lumpur,55100.0,https://www.millenniumhotels.com/en/kuala-lumpur/grand-millennium-hotel-kuala-lumpur/lai-ching-yuen/?cid=gplaces-lai-ching-yuen,,,60321174888.0,,60321174888.0,4.0,317.0,$$$ (Expensive),OPERATIONAL,ChIJT1_CUSw2zDERQ7_nbpyp41s,3.1480912,101.7121225,Losing money to waste but don't know how much,2,,,Google Places API,Rating: 4/5 (317 reviews),,New,,Google Places Scraper,2025-11-05,85,WARM
"Growth System - RM 5,997/mo","Save RM 35-50k/mo, 35-45% reduction",GOOGLE-ChIJKdKX,2025-11-05,Häagen-Dazs,"Cafe, Store",1,200000,"No. 27, Level One Unit, Nu Sentral, Shopping Center, 201, Jalan Tun Sambanthan, Kuala Lumpur Sentral, 50470 Kuala Lumpur, Federal Territory of Kuala Lumpur, Malaysia",50470 Kuala Lumpur,Kuala Lumpur,50470.0,https://www.haagendazs.com.my/shop/kuala-lumpur/nu-sentral,,,60322763853.0,,60322763853.0,4.7,341.0,$$$ (Expensive),OPERATIONAL,ChIJKdKXVMBJzDERVC65DqfPWBk,3.133282699999999,101.6869682,Losing money to waste but don't know how much,2,,,Google Places API,Rating: 4.7/5 (341 reviews),,New,,Google Places Scraper,2025-11-05,85,WARM
"Growth System - RM 5,997/mo","Save RM 35-50k/mo, 35-45% reduction",GOOGLE-ChIJi8US,2025-11-05,Soleil,Restaurant,1,200000,"Lot L2-13A & L2-15, Second Floor, Damansara City Mall, 6, Jalan Damanlela, Pusat Bandar Damansara, 50490 Kuala Lumpur, Wilayah Persekutuan Kuala Lumpur, Malaysia",50490 Kuala Lumpur,Kuala Lumpur,50490.0,http://soleil.my/index.php,,,60320118261.0,,60320118261.0,4.4,371.0,$$$ (Expensive),OPERATIONAL,ChIJi8USdEJJzDERISZJibX-EKE,3.146313,101.6616467,Losing money to waste but don't know how much,2,,,Google Places API,Rating: 4.4/5 (371 reviews),,New,,Google Places Scraper,2025-11-05,85,WARM
"Growth System - RM 5,997/mo","Save RM 35-50k/mo, 35-45% reduction",GOOGLE-ChIJ69MC,2025-11-05,Kame Sushi,Restaurant,1,200000,"10-1, Jalan 31/70a, Desa Sri Hartamas, 50480 Kuala Lumpur, Wilayah Persekutuan Kuala Lumpur, Malaysia",50480 Kuala Lumpur,Kuala Lumpur,50480.0,https://www.facebook.com/profile.php?id=100063942251931&mibextid=ZbWKwL,,,60328587739.0,,60328587739.0,4.3,188.0,$$$ (Expensive),OPERATIONAL,ChIJ69MC7e9IzDERmObEhxpDxqA,3.1628997,101.6484696,Losing money to waste but don't know how much,2,,,Google Places API,Rating: 4.3/5 (188 reviews),,New,,Google Places Scraper,2025-11-05,85,WARM
"Growth System - RM 5,997/mo","Save RM 35-50k/mo, 35-45% reduction",GOOGLE-ChIJDfdv,2025-11-05,Ales & Lagers (D5-G4-3),"Liquor Store, Restaurant, Store",1,200000,"D5-G4-3 No, 1, Jln Dutamas 1, Solaris Dutamas, 50480 Kuala Lumpur, Wilayah Persekutuan Kuala Lumpur, Malaysia",50480 Kuala Lumpur,Kuala Lumpur,50480.0,https://alesnlagers.beepit.com/,,,60364190328.0,,60364190328.0,4.6,191.0,$$$ (Expensive),OPERATIONAL,ChIJDfdvhGBIzDERw29ezTYjDGQ,3.171694,101.6673564,Losing money to waste but don't know how much,2,,,Google Places API,Rating: 4.6/5 (191 reviews),,New,,Google Places Scraper,2025-11-05,85,WARM
"Growth System - RM 5,997/mo","Save RM 35-50k/mo, 35-45% reduction",GOOGLE-ChIJLyg8,2025-11-05,The KINME Sashimi & Grill Bar,Restaurant,1,200000,"26, Jalan Medan Setia 2, Bukit Damansara, 50490 Kuala Lumpur, Wilayah Persekutuan Kuala Lumpur, Malaysia",50490 Kuala Lumpur,Kuala Lumpur,50490.0,http://www.facebook.com/kinmerestaurant,,,60320938153.0,,60320938153.0,4.3,460.0,$$$ (Expensive),OPERATIONAL,ChIJLyg8RAJJzDERTaIgm3OVLbw,3.1490698,101.653224,Losing money to waste but don't know how much,2,,,Google Places API,Rating: 4.3/5 (460 reviews),,New,,Google Places Scraper,2025-11-05,85,WARM
"Growth System - RM 5,997/mo","Save RM 35-50k/mo, 35-45% reduction",GOOGLE-ChIJAfS8,2025-11-05,"Latest Recipe, Le Méridien Kuala Lumpur",Restaurant,1,200000,"2, Jalan Stesen Sentral 5, Kuala Lumpur Sentral, 50470 Kuala Lumpur, Wilayah Persekutuan Kuala Lumpur, Malaysia",50470 Kuala Lumpur,Kuala Lumpur,50470.0,https://marriottbonvoyasia.com/restaurants-bars/le-meridien-kuala-lumpur-latest-recipe,,,60322637434.0,,60322637434.0,4.0,464.0,$$$ (Expensive),OPERATIONAL,ChIJAfS83MBJzDERWycYRHsSMaQ,3.1357095,101.6862487,Losing money to waste but don't know how much,2,,,Google Places API,Rating: 4/5 (464 reviews),,New,,Google Places Scraper,2025-11-05,85,WARM
"Growth System - RM 5,997/mo","Save RM 35-50k/mo, 35-45% reduction",GOOGLE-ChIJlYQq,2025-11-05,Daorae Korean BBQ Restaurant | Bandar Puteri,Restaurant,1,200000,"27-1, Jalan Puteri 1/4, Bandar Puteri, 47100 Puchong, Selangor, Malaysia",47100 Puchong,Selangor,47100.0,https://www.facebook.com/daoraepu/,,,60380527804.0,,60380527804.0,4.0,457.0,$$$ (Expensive),OPERATIONAL,ChIJlYQqMKi0zTER-IjgPoOesOY,3.026628,101.6166345,Losing money to waste but don't know how much,2,,,Google Places API,Rating: 4/5 (457 reviews),,New,,Google Places Scraper,2025-11-05,85,WARM
"Growth System - RM 5,997/mo","Save RM 35-50k/mo, 35-45% reduction",GOOGLE-ChIJB_DC,2025-11-05,Victoria Station usj,Restaurant,1,200000,"UEP Subang Jaya, 21 & 23, Jalan USJ 10/1g, Taipan Business Centre, 47620 Subang Jaya, Selangor, Malaysia",47620 Subang Jaya,Selangor,47620.0,http://www.victoriastation.com.my/,,,60356367508.0,,60356367508.0,3.5,717.0,$$$ (Expensive),OPERATIONAL,ChIJB_DCVcRMzDERZRIrjok3s54,3.0472534,101.5845922,Losing money to waste but don't know how much,2,,,Google Places API,Rating: 3.5/5 (717 reviews),,New,,Google Places Scraper,2025-11-05,85,WARM
"Growth System - RM 5,997/mo","Save RM 35-50k/mo, 35-45% reduction",GOOGLE-ChIJS7Rp,2025-11-05,Las Vacas @ Shell Sri Hartamas,Restaurant,1,200000,"Lot 48651, Jln Sri Hartamas 22, Desa Sri Hartamas, 50480 Kuala Lumpur, Wilayah Persekutuan Kuala Lumpur, Malaysia",50480 Kuala Lumpur,Kuala Lumpur,48651.0,http://linktr.ee/lasvacaskl,,,60123230443.0,,60123230443.0,3.8,234.0,$$$ (Expensive),CLOSED_TEMPORARILY,ChIJS7RpgvFIzDER4aubYl06eew,3.1640776,101.651656,Losing money to waste but don't know how much,2,,,Google Places API,Rating: 3.8/5 (234 reviews),,New,,Google Places Scraper,2025-11-05,80,WARM
"Growth System - RM 5,997/mo","Save RM 35-50k/mo, 35-45% reduction",GOOGLE-ChIJbeus,2025-11-05,Restoran Zim Sum,Restaurant,2,200000,"62, Jln Macalister, 10400 George Town, Pulau Pinang, Malaysia",10400 George Town,,10400.0,,,,,,,4.0,2874.0,$$ (Moderate),OPERATIONAL,ChIJbeusibvDSjAReA3JLVEUCMY,5.4150098,100.3271176,Losing money to waste but don't know how much,2,,,Google Places API,Rating: 4/5 (2874 reviews),,New,,Google Places Scraper,2025-11-05,80,WARM
"Growth System - RM 5,997/mo","Save RM 35-50k/mo, 35-45% reduction",GOOGLE-ChIJiSAH,2025-11-05,老青屋明记肉骨茶 Old Green House Beng Kee Bak Kut Teh,Restaurant,2,200000,"223, Jalan Burma, 10050 George Town, Pulau Pinang, Malaysia",10050 George Town,,10050.0,,,,,,,4.0,2107.0,$$ (Moderate),OPERATIONAL,ChIJiSAH0qLDSjARI9ZuTJmY3Sg,5.423697,100.3211622,Losing money to waste but don't know how much,2,,,Google Places API,Rating: 4/5 (2107 reviews),,New,,Google Places Scraper,2025-11-05,80,WARM
"Growth System - RM 5,997/mo","Save RM 35-50k/mo, 35-45% reduction",GOOGLE-ChIJlQdw,2025-11-05,Mokky's Pizza & Coffee,"Cafe, Meal Delivery, Meal Takeaway",5,300000,"4-G-04, Dvida Shop Office, Jalan Bazar U8/100, Bukit Jelutong, 40150 Shah Alam, Selangor, Malaysia",40150 Shah Alam,Selangor,40150.0,https://www.instagram.com/mokkyspizza/,,,,,,4.8,7249.0,$$ (Moderate),OPERATIONAL,ChIJlQdw82NNzDERH989cL6Uv08,3.096903,101.5366817,Can't standardize operations across locations,2,,,Google Places API,Rating: 4.8/5 (7249 reviews),,New,,Google Places Scraper,2025-11-05,80,WARM
"Growth System - RM 5,997/mo","Save RM 35-50k/mo, 35-45% reduction",GOOGLE-ChIJRTTZ,2025-11-05,my Burger Lab Seapark,Restaurant,2,200000,"14, Jalan 21/22, Sea Park, 46300 Petaling Jaya, Selangor, Malaysia",46300 Petaling Jaya,Selangor,46300.0,http://myburgerlab.com/,,,,,,4.4,3405.0,$$ (Moderate),OPERATIONAL,ChIJRTTZ0f1LzDERBRxflwXe0ak,3.110820300000001,101.6221753,Losing money to waste but don't know how much,2,,,Google Places API,Rating: 4.4/5 (3405 reviews),,New,,Google Places Scraper,2025-11-05,80,WARM
